[{"model": "requests.request_attachment", "pk": 15, "fields": {"request": 27, "files": "uploads/requests/2018/12/20180326_810580.jpg", "description": "Vigan", "uploaded_at": "2018-12-06T09:15:27.227Z"}}, {"model": "requests.request_attachment", "pk": 16, "fields": {"request": 16, "files": "uploads/requests/2018/12/20180326_810580_trqc3Ib.jpg", "description": "TEST", "uploaded_at": "2018-12-07T08:05:30.055Z"}}, {"model": "requests.request_attachment", "pk": 17, "fields": {"request": 19, "files": "uploads/requests/2018/12/\u75286\u53e5\u82f1\u6587\u548c\u5916\u570b\u4eba\u8f15\u9b06\u8a71\u5bb6\u5e38__\u8077\u5834\u65c5\u904a\u4ea4\u53cb\u90fd\u842c\u7528\u6700\u5feb\u4e0a\u624b\u7684\u82f1\u8a9e\u6703\u8a71\u5b78\u7fd2\u8853_-_\u5468\u9280\u537f_-_Google_\u5716\u66f8.pdf", "description": "\u548c\u5916\u570b\u4eba\u8f15\u9b06\u8a71\u5bb6\u5e38", "uploaded_at": "2018-12-10T00:50:25.393Z"}}, {"model": "problems.problem_attachment", "pk": 10, "fields": {"problem": 33, "files": "uploads/problems/2018/12/1000318967_PAYMENT.pdf", "description": "TEST", "uploaded_at": "2018-12-06T01:57:16.825Z"}}, {"model": "bases.dataindex", "pk": 3, "fields": {"project": 2, "data_type": "2", "data_date": "20181123", "current": 12, "update_at": "2018-11-23T00:03:53.875Z"}}, {"model": "bases.dataindex", "pk": 4, "fields": {"project": 2, "data_type": "3", "data_date": "20181123", "current": 4, "update_at": "2018-11-23T01:27:01.004Z"}}, {"model": "bases.dataindex", "pk": 5, "fields": {"project": 2, "data_type": "4", "data_date": "20181203", "current": 6, "update_at": "2018-12-03T02:55:04.613Z"}}, {"model": "bases.dataindex", "pk": 12, "fields": {"project": 2, "data_type": "3", "data_date": "20181203", "current": 4, "update_at": "2018-12-03T06:12:53.185Z"}}, {"model": "bases.dataindex", "pk": 13, "fields": {"project": 2, "data_type": "2", "data_date": "20181204", "current": 2, "update_at": "2018-12-04T00:58:07.319Z"}}, {"model": "bases.dataindex", "pk": 14, "fields": {"project": 2, "data_type": "2", "data_date": "20181205", "current": 4, "update_at": "2018-12-05T07:36:58.512Z"}}, {"model": "bases.dataindex", "pk": 15, "fields": {"project": 2, "data_type": "3", "data_date": "20181206", "current": 4, "update_at": "2018-12-06T01:57:13.911Z"}}, {"model": "bases.dataindex", "pk": 16, "fields": {"project": 2, "data_type": "4", "data_date": "20181206", "current": 1, "update_at": "2018-12-06T07:00:41.066Z"}}, {"model": "bases.dataindex", "pk": 17, "fields": {"project": 2, "data_type": "2", "data_date": "20181206", "current": 6, "update_at": "2018-12-06T07:23:33.792Z"}}, {"model": "bases.dataindex", "pk": 21, "fields": {"project": 3, "data_type": "2", "data_date": "20181206", "current": 2, "update_at": "2018-12-06T08:52:28.950Z"}}, {"model": "bases.dataindex", "pk": 22, "fields": {"project": 2, "data_type": "2", "data_date": "20181207", "current": 3, "update_at": "2018-12-07T02:14:02.183Z"}}, {"model": "bases.dataindex", "pk": 23, "fields": {"project": 2, "data_type": "2", "data_date": "20181210", "current": 3, "update_at": "2018-12-10T00:53:05.648Z"}}, {"model": "bases.dataindex", "pk": 24, "fields": {"project": 5, "data_type": "2", "data_date": "20181210", "current": 15, "update_at": "2018-12-10T07:50:59.156Z"}}, {"model": "bases.formtype", "pk": 1, "fields": {"tid": 1, "type": "PROJECT", "short_name": "O"}}, {"model": "bases.formtype", "pk": 2, "fields": {"tid": 2, "type": "REQUEST", "short_name": "R"}}, {"model": "bases.formtype", "pk": 3, "fields": {"tid": 3, "type": "PROBLEM", "short_name": "P"}}, {"model": "bases.formtype", "pk": 4, "fields": {"tid": 4, "type": "BUG", "short_name": "B"}}, {"model": "contenttypes.contenttype", "pk": 1, "fields": {"app_label": "users", "model": "customuser"}}, {"model": "contenttypes.contenttype", "pk": 2, "fields": {"app_label": "projects", "model": "project"}}, {"model": "contenttypes.contenttype", "pk": 3, "fields": {"app_label": "projects", "model": "project_setting"}}, {"model": "contenttypes.contenttype", "pk": 4, "fields": {"app_label": "requests", "model": "level"}}, {"model": "contenttypes.contenttype", "pk": 5, "fields": {"app_label": "requests", "model": "request"}}, {"model": "contenttypes.contenttype", "pk": 6, "fields": {"app_label": "requests", "model": "request_attachment"}}, {"model": "contenttypes.contenttype", "pk": 7, "fields": {"app_label": "problems", "model": "problem"}}, {"model": "contenttypes.contenttype", "pk": 8, "fields": {"app_label": "problems", "model": "problem_attachment"}}, {"model": "contenttypes.contenttype", "pk": 9, "fields": {"app_label": "problems", "model": "problem_reply"}}, {"model": "contenttypes.contenttype", "pk": 10, "fields": {"app_label": "bugs", "model": "bug"}}, {"model": "contenttypes.contenttype", "pk": 11, "fields": {"app_label": "bugs", "model": "bug_attachment"}}, {"model": "contenttypes.contenttype", "pk": 12, "fields": {"app_label": "bases", "model": "dataindex"}}, {"model": "contenttypes.contenttype", "pk": 13, "fields": {"app_label": "bases", "model": "formtype"}}, {"model": "contenttypes.contenttype", "pk": 14, "fields": {"app_label": "bases", "model": "status"}}, {"model": "contenttypes.contenttype", "pk": 15, "fields": {"app_label": "admin", "model": "logentry"}}, {"model": "contenttypes.contenttype", "pk": 16, "fields": {"app_label": "auth", "model": "permission"}}, {"model": "contenttypes.contenttype", "pk": 17, "fields": {"app_label": "auth", "model": "group"}}, {"model": "contenttypes.contenttype", "pk": 18, "fields": {"app_label": "contenttypes", "model": "contenttype"}}, {"model": "contenttypes.contenttype", "pk": 19, "fields": {"app_label": "sessions", "model": "session"}}, {"model": "sessions.session", "pk": "1ic3lqvjzteddrhd42dbimemcdypdx95", "fields": {"session_data": "YmZjNzM0ZjA3ZjM3MjMxM2RiYTU1YzRkOWY2ODI5MTgwNmIyZGFhYTqABJXMAAAAAAAAAH2UKIwNX2F1dGhfdXNlcl9pZJSMATGUjBJfYXV0aF91c2VyX2JhY2tlbmSUjClkamFuZ28uY29udHJpYi5hdXRoLmJhY2tlbmRzLk1vZGVsQmFja2VuZJSMD19hdXRoX3VzZXJfaGFzaJSMKGI2MzIwNzljNDgwOWJkYTJjMmVlYWIxYTY2NzE2OGY4ZTIzNjE2NDiUjA9wcm9qZWN0X2RlZmF1bHSUSwKMCnByb2plY3RfcGuUjAEylIwKcmVxdWVzdF9wa5SMAJR1Lg==", "expire_date": "2018-12-03T08:26:16.775Z"}}, {"model": "sessions.session", "pk": "1kj0z46wiz0pqgyec9cp8f5miy798fyd", "fields": {"session_data": "OTgzNWZjYTcxNTY5OTAyYjdkMjRiZTczZjNmOTllNzRkOTk4M2NjZDqABJXMAAAAAAAAAH2UKIwNX2F1dGhfdXNlcl9pZJSMATGUjBJfYXV0aF91c2VyX2JhY2tlbmSUjClkamFuZ28uY29udHJpYi5hdXRoLmJhY2tlbmRzLk1vZGVsQmFja2VuZJSMD19hdXRoX3VzZXJfaGFzaJSMKGI2MzIwNzljNDgwOWJkYTJjMmVlYWIxYTY2NzE2OGY4ZTIzNjE2NDiUjA9wcm9qZWN0X2RlZmF1bHSUSwWMCnByb2plY3RfcGuUjAE1lIwKcmVxdWVzdF9wa5SMAJR1Lg==", "expire_date": "2018-12-13T16:06:30.115Z"}}, {"model": "sessions.session", "pk": "2nzosvijcjjnia4jz6a6vgjo6du99ghf", "fields": {"session_data": "YmZjNzM0ZjA3ZjM3MjMxM2RiYTU1YzRkOWY2ODI5MTgwNmIyZGFhYTqABJXMAAAAAAAAAH2UKIwNX2F1dGhfdXNlcl9pZJSMATGUjBJfYXV0aF91c2VyX2JhY2tlbmSUjClkamFuZ28uY29udHJpYi5hdXRoLmJhY2tlbmRzLk1vZGVsQmFja2VuZJSMD19hdXRoX3VzZXJfaGFzaJSMKGI2MzIwNzljNDgwOWJkYTJjMmVlYWIxYTY2NzE2OGY4ZTIzNjE2NDiUjA9wcm9qZWN0X2RlZmF1bHSUSwKMCnByb2plY3RfcGuUjAEylIwKcmVxdWVzdF9wa5SMAJR1Lg==", "expire_date": "2018-12-10T07:50:03.993Z"}}, {"model": "sessions.session", "pk": "30foxrk0m5cs6vxbdrlopcj2p7b25p0y", "fields": {"session_data": "YmZjNzM0ZjA3ZjM3MjMxM2RiYTU1YzRkOWY2ODI5MTgwNmIyZGFhYTqABJXMAAAAAAAAAH2UKIwNX2F1dGhfdXNlcl9pZJSMATGUjBJfYXV0aF91c2VyX2JhY2tlbmSUjClkamFuZ28uY29udHJpYi5hdXRoLmJhY2tlbmRzLk1vZGVsQmFja2VuZJSMD19hdXRoX3VzZXJfaGFzaJSMKGI2MzIwNzljNDgwOWJkYTJjMmVlYWIxYTY2NzE2OGY4ZTIzNjE2NDiUjA9wcm9qZWN0X2RlZmF1bHSUSwKMCnByb2plY3RfcGuUjAEylIwKcmVxdWVzdF9wa5SMAJR1Lg==", "expire_date": "2018-12-04T05:31:03.130Z"}}, {"model": "sessions.session", "pk": "3fcawujvq6f5zsw54fkmiw2or6vo70rm", "fields": {"session_data": "MGRkN2ViYWU1NTQ4MWVkMzVhNWIzNDFhNzU5NzhiZWMxZDY5MTdmODqABJXJAAAAAAAAAH2UKIwNX2F1dGhfdXNlcl9pZJSMATGUjBJfYXV0aF91c2VyX2JhY2tlbmSUjClkamFuZ28uY29udHJpYi5hdXRoLmJhY2tlbmRzLk1vZGVsQmFja2VuZJSMD19hdXRoX3VzZXJfaGFzaJSMKGI2MzIwNzljNDgwOWJkYTJjMmVlYWIxYTY2NzE2OGY4ZTIzNjE2NDiUjA9wcm9qZWN0X2RlZmF1bHSUSwKMCnByb2plY3RfcGuUSwKMCnJlcXVlc3RfcGuUSxB1Lg==", "expire_date": "2018-12-06T03:04:53.089Z"}}, {"model": "sessions.session", "pk": "3uepijzs8r7p061kcnrtfr4szirddqj7", "fields": {"session_data": "YmZjNzM0ZjA3ZjM3MjMxM2RiYTU1YzRkOWY2ODI5MTgwNmIyZGFhYTqABJXMAAAAAAAAAH2UKIwNX2F1dGhfdXNlcl9pZJSMATGUjBJfYXV0aF91c2VyX2JhY2tlbmSUjClkamFuZ28uY29udHJpYi5hdXRoLmJhY2tlbmRzLk1vZGVsQmFja2VuZJSMD19hdXRoX3VzZXJfaGFzaJSMKGI2MzIwNzljNDgwOWJkYTJjMmVlYWIxYTY2NzE2OGY4ZTIzNjE2NDiUjA9wcm9qZWN0X2RlZmF1bHSUSwKMCnByb2plY3RfcGuUjAEylIwKcmVxdWVzdF9wa5SMAJR1Lg==", "expire_date": "2018-12-10T02:26:34.321Z"}}, {"model": "sessions.session", "pk": "3xwv1lec6r27loqfp3rn8piaqtscjq2x", "fields": {"session_data": "YmZjNzM0ZjA3ZjM3MjMxM2RiYTU1YzRkOWY2ODI5MTgwNmIyZGFhYTqABJXMAAAAAAAAAH2UKIwNX2F1dGhfdXNlcl9pZJSMATGUjBJfYXV0aF91c2VyX2JhY2tlbmSUjClkamFuZ28uY29udHJpYi5hdXRoLmJhY2tlbmRzLk1vZGVsQmFja2VuZJSMD19hdXRoX3VzZXJfaGFzaJSMKGI2MzIwNzljNDgwOWJkYTJjMmVlYWIxYTY2NzE2OGY4ZTIzNjE2NDiUjA9wcm9qZWN0X2RlZmF1bHSUSwKMCnByb2plY3RfcGuUjAEylIwKcmVxdWVzdF9wa5SMAJR1Lg==", "expire_date": "2018-12-03T04:13:34.943Z"}}, {"model": "sessions.session", "pk": "4ib6j1c6172iraambobmm7k20u5unn73", "fields": {"session_data": "Yzc4MDQ1MTQzNDYwMGM0ZmI2ZTg5ZjkxNmJiYTk3ODQ5ZGRkNzM4MzqABJXJAAAAAAAAAH2UKIwNX2F1dGhfdXNlcl9pZJSMATGUjBJfYXV0aF91c2VyX2JhY2tlbmSUjClkamFuZ28uY29udHJpYi5hdXRoLmJhY2tlbmRzLk1vZGVsQmFja2VuZJSMD19hdXRoX3VzZXJfaGFzaJSMKGI2MzIwNzljNDgwOWJkYTJjMmVlYWIxYTY2NzE2OGY4ZTIzNjE2NDiUjA9wcm9qZWN0X2RlZmF1bHSUSwKMCnByb2plY3RfcGuUSwKMCnJlcXVlc3RfcGuUSwh1Lg==", "expire_date": "2018-11-23T09:24:58.503Z"}}, {"model": "sessions.session", "pk": "4njixmsq97bkp8vi94powkf9qbbstuby", "fields": {"session_data": "Yzc4MDQ1MTQzNDYwMGM0ZmI2ZTg5ZjkxNmJiYTk3ODQ5ZGRkNzM4MzqABJXJAAAAAAAAAH2UKIwNX2F1dGhfdXNlcl9pZJSMATGUjBJfYXV0aF91c2VyX2JhY2tlbmSUjClkamFuZ28uY29udHJpYi5hdXRoLmJhY2tlbmRzLk1vZGVsQmFja2VuZJSMD19hdXRoX3VzZXJfaGFzaJSMKGI2MzIwNzljNDgwOWJkYTJjMmVlYWIxYTY2NzE2OGY4ZTIzNjE2NDiUjA9wcm9qZWN0X2RlZmF1bHSUSwKMCnByb2plY3RfcGuUSwKMCnJlcXVlc3RfcGuUSwh1Lg==", "expire_date": "2018-12-03T05:55:14.849Z"}}, {"model": "sessions.session", "pk": "4ocaauo7r6q3omnr62m9r08tgrg0k2c9", "fields": {"session_data": "MjgxNDg4YTNlOTExNzI0M2IxM2U3ZGZhZWM0ODQxMzYyYjYyMjQyYjqABJWXAAAAAAAAAH2UKIwNX2F1dGhfdXNlcl9pZJSMATGUjBJfYXV0aF91c2VyX2JhY2tlbmSUjClkamFuZ28uY29udHJpYi5hdXRoLmJhY2tlbmRzLk1vZGVsQmFja2VuZJSMD19hdXRoX3VzZXJfaGFzaJSMKGI2MzIwNzljNDgwOWJkYTJjMmVlYWIxYTY2NzE2OGY4ZTIzNjE2NDiUdS4=", "expire_date": "2018-11-22T01:55:00.931Z"}}, {"model": "sessions.session", "pk": "4oeos801z6ek2us9ns9mpqpqs9vjylmv", "fields": {"session_data": "MjgxNDg4YTNlOTExNzI0M2IxM2U3ZGZhZWM0ODQxMzYyYjYyMjQyYjqABJWXAAAAAAAAAH2UKIwNX2F1dGhfdXNlcl9pZJSMATGUjBJfYXV0aF91c2VyX2JhY2tlbmSUjClkamFuZ28uY29udHJpYi5hdXRoLmJhY2tlbmRzLk1vZGVsQmFja2VuZJSMD19hdXRoX3VzZXJfaGFzaJSMKGI2MzIwNzljNDgwOWJkYTJjMmVlYWIxYTY2NzE2OGY4ZTIzNjE2NDiUdS4=", "expire_date": "2018-12-06T09:21:02.002Z"}}, {"model": "sessions.session", "pk": "4v1odfwawihyzce80wozzrln0vvi3vq6", "fields": {"session_data": "ZThmYTU2NTIzNmMxZjZiZDNhZGQxNzEzMmNlMmZiNjhlZWFlOGQ2YTqABJXKAAAAAAAAAH2UKIwNX2F1dGhfdXNlcl9pZJSMATGUjBJfYXV0aF91c2VyX2JhY2tlbmSUjClkamFuZ28uY29udHJpYi5hdXRoLmJhY2tlbmRzLk1vZGVsQmFja2VuZJSMD19hdXRoX3VzZXJfaGFzaJSMKGI2MzIwNzljNDgwOWJkYTJjMmVlYWIxYTY2NzE2OGY4ZTIzNjE2NDiUjA9wcm9qZWN0X2RlZmF1bHSUSwGMCnByb2plY3RfcGuUaAKMCnJlcXVlc3RfcGuUjACUdS4=", "expire_date": "2018-11-22T03:48:55.571Z"}}, {"model": "sessions.session", "pk": "4yuy21evs9no6h9werc9i14f3vk2k33d", "fields": {"session_data": "YmZjNzM0ZjA3ZjM3MjMxM2RiYTU1YzRkOWY2ODI5MTgwNmIyZGFhYTqABJXMAAAAAAAAAH2UKIwNX2F1dGhfdXNlcl9pZJSMATGUjBJfYXV0aF91c2VyX2JhY2tlbmSUjClkamFuZ28uY29udHJpYi5hdXRoLmJhY2tlbmRzLk1vZGVsQmFja2VuZJSMD19hdXRoX3VzZXJfaGFzaJSMKGI2MzIwNzljNDgwOWJkYTJjMmVlYWIxYTY2NzE2OGY4ZTIzNjE2NDiUjA9wcm9qZWN0X2RlZmF1bHSUSwKMCnByb2plY3RfcGuUjAEylIwKcmVxdWVzdF9wa5SMAJR1Lg==", "expire_date": "2018-12-10T02:19:43.733Z"}}, {"model": "sessions.session", "pk": "59797896egrb2kshlyi1s47zvclf5ub3", "fields": {"session_data": "ZmJiZDVmY2U1ZWFjODVmYzgyMzZjOTA5M2Y5YjQ2Y2UwZjNkM2YwZjqABJUDAAAAAAAAAH2ULg==", "expire_date": "2018-12-10T07:33:09.587Z"}}, {"model": "sessions.session", "pk": "5uet3arnr09aaug9el2cjniuijxthiaj", "fields": {"session_data": "YWU4MjM2OGRiYWE3MjdlYzNjNzE0NTkxMWFjYTIyZWZkMTM5YTk3NjqABJXJAAAAAAAAAH2UKIwNX2F1dGhfdXNlcl9pZJSMATGUjBJfYXV0aF91c2VyX2JhY2tlbmSUjClkamFuZ28uY29udHJpYi5hdXRoLmJhY2tlbmRzLk1vZGVsQmFja2VuZJSMD19hdXRoX3VzZXJfaGFzaJSMKGI2MzIwNzljNDgwOWJkYTJjMmVlYWIxYTY2NzE2OGY4ZTIzNjE2NDiUjA9wcm9qZWN0X2RlZmF1bHSUSwGMCnByb2plY3RfcGuUSwGMCnJlcXVlc3RfcGuUSwN1Lg==", "expire_date": "2018-11-22T06:36:33.210Z"}}, {"model": "sessions.session", "pk": "6156q0u7swl8rnlsb6mrsrkdz8cwrsco", "fields": {"session_data": "Yzc4MDQ1MTQzNDYwMGM0ZmI2ZTg5ZjkxNmJiYTk3ODQ5ZGRkNzM4MzqABJXJAAAAAAAAAH2UKIwNX2F1dGhfdXNlcl9pZJSMATGUjBJfYXV0aF91c2VyX2JhY2tlbmSUjClkamFuZ28uY29udHJpYi5hdXRoLmJhY2tlbmRzLk1vZGVsQmFja2VuZJSMD19hdXRoX3VzZXJfaGFzaJSMKGI2MzIwNzljNDgwOWJkYTJjMmVlYWIxYTY2NzE2OGY4ZTIzNjE2NDiUjA9wcm9qZWN0X2RlZmF1bHSUSwKMCnByb2plY3RfcGuUSwKMCnJlcXVlc3RfcGuUSwh1Lg==", "expire_date": "2018-12-05T01:37:06.728Z"}}, {"model": "sessions.session", "pk": "68kql7hz6t24bqvu84y2u6kap0bkicsm", "fields": {"session_data": "MGRkN2ViYWU1NTQ4MWVkMzVhNWIzNDFhNzU5NzhiZWMxZDY5MTdmODqABJXJAAAAAAAAAH2UKIwNX2F1dGhfdXNlcl9pZJSMATGUjBJfYXV0aF91c2VyX2JhY2tlbmSUjClkamFuZ28uY29udHJpYi5hdXRoLmJhY2tlbmRzLk1vZGVsQmFja2VuZJSMD19hdXRoX3VzZXJfaGFzaJSMKGI2MzIwNzljNDgwOWJkYTJjMmVlYWIxYTY2NzE2OGY4ZTIzNjE2NDiUjA9wcm9qZWN0X2RlZmF1bHSUSwKMCnByb2plY3RfcGuUSwKMCnJlcXVlc3RfcGuUSxB1Lg==", "expire_date": "2018-12-06T01:34:43.967Z"}}, {"model": "sessions.session", "pk": "6i3c3igdm6lf4ryjwruf0fl4tnun6r1f", "fields": {"session_data": "YmZjNzM0ZjA3ZjM3MjMxM2RiYTU1YzRkOWY2ODI5MTgwNmIyZGFhYTqABJXMAAAAAAAAAH2UKIwNX2F1dGhfdXNlcl9pZJSMATGUjBJfYXV0aF91c2VyX2JhY2tlbmSUjClkamFuZ28uY29udHJpYi5hdXRoLmJhY2tlbmRzLk1vZGVsQmFja2VuZJSMD19hdXRoX3VzZXJfaGFzaJSMKGI2MzIwNzljNDgwOWJkYTJjMmVlYWIxYTY2NzE2OGY4ZTIzNjE2NDiUjA9wcm9qZWN0X2RlZmF1bHSUSwKMCnByb2plY3RfcGuUjAEylIwKcmVxdWVzdF9wa5SMAJR1Lg==", "expire_date": "2018-12-06T08:30:45.853Z"}}, {"model": "sessions.session", "pk": "72nxfyjfmstyc0j15kc9yzejpdurdw33", "fields": {"session_data": "YjZmYzBmYTIyMTcwOWUxODI5NGRmNDY3ZjQzMjhmNzQ4NDg5MDYwNjqABJXJAAAAAAAAAH2UKIwNX2F1dGhfdXNlcl9pZJSMATGUjBJfYXV0aF91c2VyX2JhY2tlbmSUjClkamFuZ28uY29udHJpYi5hdXRoLmJhY2tlbmRzLk1vZGVsQmFja2VuZJSMD19hdXRoX3VzZXJfaGFzaJSMKGI2MzIwNzljNDgwOWJkYTJjMmVlYWIxYTY2NzE2OGY4ZTIzNjE2NDiUjA9wcm9qZWN0X2RlZmF1bHSUSwKMCnByb2plY3RfcGuUSwKMCnJlcXVlc3RfcGuUSw91Lg==", "expire_date": "2018-12-04T04:08:29.339Z"}}, {"model": "sessions.session", "pk": "7ge6lcgtqy5urgy26sn04nqhj27mxdgm", "fields": {"session_data": "YmZjNzM0ZjA3ZjM3MjMxM2RiYTU1YzRkOWY2ODI5MTgwNmIyZGFhYTqABJXMAAAAAAAAAH2UKIwNX2F1dGhfdXNlcl9pZJSMATGUjBJfYXV0aF91c2VyX2JhY2tlbmSUjClkamFuZ28uY29udHJpYi5hdXRoLmJhY2tlbmRzLk1vZGVsQmFja2VuZJSMD19hdXRoX3VzZXJfaGFzaJSMKGI2MzIwNzljNDgwOWJkYTJjMmVlYWIxYTY2NzE2OGY4ZTIzNjE2NDiUjA9wcm9qZWN0X2RlZmF1bHSUSwKMCnByb2plY3RfcGuUjAEylIwKcmVxdWVzdF9wa5SMAJR1Lg==", "expire_date": "2018-12-04T08:12:06.666Z"}}, {"model": "sessions.session", "pk": "82xuzwfex4ohiuz4xpvxl7l694go3eaw", "fields": {"session_data": "ZmJiZDVmY2U1ZWFjODVmYzgyMzZjOTA5M2Y5YjQ2Y2UwZjNkM2YwZjqABJUDAAAAAAAAAH2ULg==", "expire_date": "2018-12-10T07:33:43.056Z"}}, {"model": "sessions.session", "pk": "9qqmhkhvaxi0bp391btgedvo3ly31duo", "fields": {"session_data": "NjUzOTcyMWZlN2Q3YjFkOGRiNjgzYTExMTc4MzZlZGY1ZDI3YjkzYzqABJXMAAAAAAAAAH2UKIwNX2F1dGhfdXNlcl9pZJSMATGUjBJfYXV0aF91c2VyX2JhY2tlbmSUjClkamFuZ28uY29udHJpYi5hdXRoLmJhY2tlbmRzLk1vZGVsQmFja2VuZJSMD19hdXRoX3VzZXJfaGFzaJSMKGI2MzIwNzljNDgwOWJkYTJjMmVlYWIxYTY2NzE2OGY4ZTIzNjE2NDiUjA9wcm9qZWN0X2RlZmF1bHSUSwKMCnByb2plY3RfcGuUjAE1lIwKcmVxdWVzdF9wa5SMAJR1Lg==", "expire_date": "2018-12-10T08:27:18.935Z"}}, {"model": "sessions.session", "pk": "awsq4qxg62q6b94f8ptll45lclrtzz04", "fields": {"session_data": "N2FjZjkxYjc5OGZlMjdjYmE4YTY5M2Y1YzIwMWFjMTJjZDRmY2UyMDqABJXJAAAAAAAAAH2UKIwNX2F1dGhfdXNlcl9pZJSMATGUjBJfYXV0aF91c2VyX2JhY2tlbmSUjClkamFuZ28uY29udHJpYi5hdXRoLmJhY2tlbmRzLk1vZGVsQmFja2VuZJSMD19hdXRoX3VzZXJfaGFzaJSMKGI2MzIwNzljNDgwOWJkYTJjMmVlYWIxYTY2NzE2OGY4ZTIzNjE2NDiUjA9wcm9qZWN0X2RlZmF1bHSUSwKMCnByb2plY3RfcGuUSwKMCnJlcXVlc3RfcGuUSxN1Lg==", "expire_date": "2018-12-10T01:22:43.030Z"}}, {"model": "sessions.session", "pk": "b4lll3s485l3efk1er0pjrvhnwnzvbd8", "fields": {"session_data": "MTE1MDgyNzBjZjg0ZTgzNjExNDc2NmEzY2ZlYzAzZDQ2Y2VmYTNiNjqABJXJAAAAAAAAAH2UKIwNX2F1dGhfdXNlcl9pZJSMATGUjBJfYXV0aF91c2VyX2JhY2tlbmSUjClkamFuZ28uY29udHJpYi5hdXRoLmJhY2tlbmRzLk1vZGVsQmFja2VuZJSMD19hdXRoX3VzZXJfaGFzaJSMKGI2MzIwNzljNDgwOWJkYTJjMmVlYWIxYTY2NzE2OGY4ZTIzNjE2NDiUjA9wcm9qZWN0X2RlZmF1bHSUSwWMCnByb2plY3RfcGuUSwWMCnJlcXVlc3RfcGuUSy51Lg==", "expire_date": "2018-12-12T07:09:18.565Z"}}, {"model": "sessions.session", "pk": "bczjh2aiaptdx9l0o48zgml5kgufdpwe", "fields": {"session_data": "MGRkN2ViYWU1NTQ4MWVkMzVhNWIzNDFhNzU5NzhiZWMxZDY5MTdmODqABJXJAAAAAAAAAH2UKIwNX2F1dGhfdXNlcl9pZJSMATGUjBJfYXV0aF91c2VyX2JhY2tlbmSUjClkamFuZ28uY29udHJpYi5hdXRoLmJhY2tlbmRzLk1vZGVsQmFja2VuZJSMD19hdXRoX3VzZXJfaGFzaJSMKGI2MzIwNzljNDgwOWJkYTJjMmVlYWIxYTY2NzE2OGY4ZTIzNjE2NDiUjA9wcm9qZWN0X2RlZmF1bHSUSwKMCnByb2plY3RfcGuUSwKMCnJlcXVlc3RfcGuUSxB1Lg==", "expire_date": "2018-12-07T07:18:07.777Z"}}, {"model": "sessions.session", "pk": "buyyv9785z8ijlngcxtp25rsgsum5xu6", "fields": {"session_data": "YmZjNzM0ZjA3ZjM3MjMxM2RiYTU1YzRkOWY2ODI5MTgwNmIyZGFhYTqABJXMAAAAAAAAAH2UKIwNX2F1dGhfdXNlcl9pZJSMATGUjBJfYXV0aF91c2VyX2JhY2tlbmSUjClkamFuZ28uY29udHJpYi5hdXRoLmJhY2tlbmRzLk1vZGVsQmFja2VuZJSMD19hdXRoX3VzZXJfaGFzaJSMKGI2MzIwNzljNDgwOWJkYTJjMmVlYWIxYTY2NzE2OGY4ZTIzNjE2NDiUjA9wcm9qZWN0X2RlZmF1bHSUSwKMCnByb2plY3RfcGuUjAEylIwKcmVxdWVzdF9wa5SMAJR1Lg==", "expire_date": "2018-12-04T00:56:56.684Z"}}, {"model": "sessions.session", "pk": "cd2an8f5emnh78enz5qvsl60d5i93f3l", "fields": {"session_data": "YmZjNzM0ZjA3ZjM3MjMxM2RiYTU1YzRkOWY2ODI5MTgwNmIyZGFhYTqABJXMAAAAAAAAAH2UKIwNX2F1dGhfdXNlcl9pZJSMATGUjBJfYXV0aF91c2VyX2JhY2tlbmSUjClkamFuZ28uY29udHJpYi5hdXRoLmJhY2tlbmRzLk1vZGVsQmFja2VuZJSMD19hdXRoX3VzZXJfaGFzaJSMKGI2MzIwNzljNDgwOWJkYTJjMmVlYWIxYTY2NzE2OGY4ZTIzNjE2NDiUjA9wcm9qZWN0X2RlZmF1bHSUSwKMCnByb2plY3RfcGuUjAEylIwKcmVxdWVzdF9wa5SMAJR1Lg==", "expire_date": "2018-12-05T06:37:57.212Z"}}, {"model": "sessions.session", "pk": "cf9wj4t77lol7m5x9brnphcbj98ho8s7", "fields": {"session_data": "YmZjNzM0ZjA3ZjM3MjMxM2RiYTU1YzRkOWY2ODI5MTgwNmIyZGFhYTqABJXMAAAAAAAAAH2UKIwNX2F1dGhfdXNlcl9pZJSMATGUjBJfYXV0aF91c2VyX2JhY2tlbmSUjClkamFuZ28uY29udHJpYi5hdXRoLmJhY2tlbmRzLk1vZGVsQmFja2VuZJSMD19hdXRoX3VzZXJfaGFzaJSMKGI2MzIwNzljNDgwOWJkYTJjMmVlYWIxYTY2NzE2OGY4ZTIzNjE2NDiUjA9wcm9qZWN0X2RlZmF1bHSUSwKMCnByb2plY3RfcGuUjAEylIwKcmVxdWVzdF9wa5SMAJR1Lg==", "expire_date": "2018-12-05T09:23:57.964Z"}}, {"model": "sessions.session", "pk": "dj11z9zev508e8rz6e7tcy0qyzsdpaiy", "fields": {"session_data": "YmZjNzM0ZjA3ZjM3MjMxM2RiYTU1YzRkOWY2ODI5MTgwNmIyZGFhYTqABJXMAAAAAAAAAH2UKIwNX2F1dGhfdXNlcl9pZJSMATGUjBJfYXV0aF91c2VyX2JhY2tlbmSUjClkamFuZ28uY29udHJpYi5hdXRoLmJhY2tlbmRzLk1vZGVsQmFja2VuZJSMD19hdXRoX3VzZXJfaGFzaJSMKGI2MzIwNzljNDgwOWJkYTJjMmVlYWIxYTY2NzE2OGY4ZTIzNjE2NDiUjA9wcm9qZWN0X2RlZmF1bHSUSwKMCnByb2plY3RfcGuUjAEylIwKcmVxdWVzdF9wa5SMAJR1Lg==", "expire_date": "2018-12-04T00:30:34.834Z"}}, {"model": "sessions.session", "pk": "e4j5puefc60kwmi4dxinjj43iu2ttmry", "fields": {"session_data": "NDRhNzk5NTA3NDcxYmM3NjI3YzcyMzVhNzM0M2FjODc2N2YwN2JiMDqABJXJAAAAAAAAAH2UKIwNX2F1dGhfdXNlcl9pZJSMATGUjBJfYXV0aF91c2VyX2JhY2tlbmSUjClkamFuZ28uY29udHJpYi5hdXRoLmJhY2tlbmRzLk1vZGVsQmFja2VuZJSMD19hdXRoX3VzZXJfaGFzaJSMKGI2MzIwNzljNDgwOWJkYTJjMmVlYWIxYTY2NzE2OGY4ZTIzNjE2NDiUjA9wcm9qZWN0X2RlZmF1bHSUSwKMCnByb2plY3RfcGuUSwKMCnJlcXVlc3RfcGuUSx91Lg==", "expire_date": "2018-12-07T02:57:21.332Z"}}, {"model": "sessions.session", "pk": "e74m0bwuk015l9et495fgggro4028nt0", "fields": {"session_data": "N2FjZjkxYjc5OGZlMjdjYmE4YTY5M2Y1YzIwMWFjMTJjZDRmY2UyMDqABJXJAAAAAAAAAH2UKIwNX2F1dGhfdXNlcl9pZJSMATGUjBJfYXV0aF91c2VyX2JhY2tlbmSUjClkamFuZ28uY29udHJpYi5hdXRoLmJhY2tlbmRzLk1vZGVsQmFja2VuZJSMD19hdXRoX3VzZXJfaGFzaJSMKGI2MzIwNzljNDgwOWJkYTJjMmVlYWIxYTY2NzE2OGY4ZTIzNjE2NDiUjA9wcm9qZWN0X2RlZmF1bHSUSwKMCnByb2plY3RfcGuUSwKMCnJlcXVlc3RfcGuUSxN1Lg==", "expire_date": "2018-12-10T02:05:16.090Z"}}, {"model": "sessions.session", "pk": "eisvdtknew7n4dgpjoircyhqugfsn94k", "fields": {"session_data": "Yzc4MDQ1MTQzNDYwMGM0ZmI2ZTg5ZjkxNmJiYTk3ODQ5ZGRkNzM4MzqABJXJAAAAAAAAAH2UKIwNX2F1dGhfdXNlcl9pZJSMATGUjBJfYXV0aF91c2VyX2JhY2tlbmSUjClkamFuZ28uY29udHJpYi5hdXRoLmJhY2tlbmRzLk1vZGVsQmFja2VuZJSMD19hdXRoX3VzZXJfaGFzaJSMKGI2MzIwNzljNDgwOWJkYTJjMmVlYWIxYTY2NzE2OGY4ZTIzNjE2NDiUjA9wcm9qZWN0X2RlZmF1bHSUSwKMCnByb2plY3RfcGuUSwKMCnJlcXVlc3RfcGuUSwh1Lg==", "expire_date": "2018-12-03T01:44:43.990Z"}}, {"model": "sessions.session", "pk": "eyk6xtccgzlokc2n3x3fq71d3bay10rc", "fields": {"session_data": "YmZjNzM0ZjA3ZjM3MjMxM2RiYTU1YzRkOWY2ODI5MTgwNmIyZGFhYTqABJXMAAAAAAAAAH2UKIwNX2F1dGhfdXNlcl9pZJSMATGUjBJfYXV0aF91c2VyX2JhY2tlbmSUjClkamFuZ28uY29udHJpYi5hdXRoLmJhY2tlbmRzLk1vZGVsQmFja2VuZJSMD19hdXRoX3VzZXJfaGFzaJSMKGI2MzIwNzljNDgwOWJkYTJjMmVlYWIxYTY2NzE2OGY4ZTIzNjE2NDiUjA9wcm9qZWN0X2RlZmF1bHSUSwKMCnByb2plY3RfcGuUjAEylIwKcmVxdWVzdF9wa5SMAJR1Lg==", "expire_date": "2018-12-06T06:07:57.146Z"}}, {"model": "sessions.session", "pk": "fvxsv2wq497gljw1buf9gkw4d8m4hguu", "fields": {"session_data": "YmZjNzM0ZjA3ZjM3MjMxM2RiYTU1YzRkOWY2ODI5MTgwNmIyZGFhYTqABJXMAAAAAAAAAH2UKIwNX2F1dGhfdXNlcl9pZJSMATGUjBJfYXV0aF91c2VyX2JhY2tlbmSUjClkamFuZ28uY29udHJpYi5hdXRoLmJhY2tlbmRzLk1vZGVsQmFja2VuZJSMD19hdXRoX3VzZXJfaGFzaJSMKGI2MzIwNzljNDgwOWJkYTJjMmVlYWIxYTY2NzE2OGY4ZTIzNjE2NDiUjA9wcm9qZWN0X2RlZmF1bHSUSwKMCnByb2plY3RfcGuUjAEylIwKcmVxdWVzdF9wa5SMAJR1Lg==", "expire_date": "2018-12-06T09:58:26.660Z"}}, {"model": "sessions.session", "pk": "gjeh2opgmq19q8ujij1hg4i10jcynahr", "fields": {"session_data": "OGFjZTFmY2Q0MmYxMDFhM2ViYjdkMWIzZTJjMWZjYjYyMWVhYTBkYjqABJXJAAAAAAAAAH2UKIwNX2F1dGhfdXNlcl9pZJSMATGUjBJfYXV0aF91c2VyX2JhY2tlbmSUjClkamFuZ28uY29udHJpYi5hdXRoLmJhY2tlbmRzLk1vZGVsQmFja2VuZJSMD19hdXRoX3VzZXJfaGFzaJSMKGI2MzIwNzljNDgwOWJkYTJjMmVlYWIxYTY2NzE2OGY4ZTIzNjE2NDiUjA9wcm9qZWN0X2RlZmF1bHSUSwKMCnByb2plY3RfcGuUSwKMCnJlcXVlc3RfcGuUSwR1Lg==", "expire_date": "2018-11-23T01:30:54.263Z"}}, {"model": "sessions.session", "pk": "guukkh46nj6q3o1ezutnp3skpry67l5p", "fields": {"session_data": "YmZjNzM0ZjA3ZjM3MjMxM2RiYTU1YzRkOWY2ODI5MTgwNmIyZGFhYTqABJXMAAAAAAAAAH2UKIwNX2F1dGhfdXNlcl9pZJSMATGUjBJfYXV0aF91c2VyX2JhY2tlbmSUjClkamFuZ28uY29udHJpYi5hdXRoLmJhY2tlbmRzLk1vZGVsQmFja2VuZJSMD19hdXRoX3VzZXJfaGFzaJSMKGI2MzIwNzljNDgwOWJkYTJjMmVlYWIxYTY2NzE2OGY4ZTIzNjE2NDiUjA9wcm9qZWN0X2RlZmF1bHSUSwKMCnByb2plY3RfcGuUjAEylIwKcmVxdWVzdF9wa5SMAJR1Lg==", "expire_date": "2018-11-23T03:07:11.255Z"}}, {"model": "sessions.session", "pk": "h7gm6w0zb6lagyxtciq8tr7v4h3fkpk1", "fields": {"session_data": "MDA3ZThkOWM4ZjI3Nzg2NzIzNjBhYjhlMGEwMjY2ZDg5MGFmMmU3MDqABJXJAAAAAAAAAH2UKIwNX2F1dGhfdXNlcl9pZJSMATGUjBJfYXV0aF91c2VyX2JhY2tlbmSUjClkamFuZ28uY29udHJpYi5hdXRoLmJhY2tlbmRzLk1vZGVsQmFja2VuZJSMD19hdXRoX3VzZXJfaGFzaJSMKGI2MzIwNzljNDgwOWJkYTJjMmVlYWIxYTY2NzE2OGY4ZTIzNjE2NDiUjA9wcm9qZWN0X2RlZmF1bHSUSwKMCnByb2plY3RfcGuUSwKMCnJlcXVlc3RfcGuUSwp1Lg==", "expire_date": "2018-11-23T02:25:04.349Z"}}, {"model": "sessions.session", "pk": "hdnzxyr0uy9f9o8l5rf9bjp4yevdb68r", "fields": {"session_data": "YmZjNzM0ZjA3ZjM3MjMxM2RiYTU1YzRkOWY2ODI5MTgwNmIyZGFhYTqABJXMAAAAAAAAAH2UKIwNX2F1dGhfdXNlcl9pZJSMATGUjBJfYXV0aF91c2VyX2JhY2tlbmSUjClkamFuZ28uY29udHJpYi5hdXRoLmJhY2tlbmRzLk1vZGVsQmFja2VuZJSMD19hdXRoX3VzZXJfaGFzaJSMKGI2MzIwNzljNDgwOWJkYTJjMmVlYWIxYTY2NzE2OGY4ZTIzNjE2NDiUjA9wcm9qZWN0X2RlZmF1bHSUSwKMCnByb2plY3RfcGuUjAEylIwKcmVxdWVzdF9wa5SMAJR1Lg==", "expire_date": "2018-12-05T04:19:50.390Z"}}, {"model": "sessions.session", "pk": "hgljh5ef4xx5px1ltgvh700vhllpt29y", "fields": {"session_data": "YmZjNzM0ZjA3ZjM3MjMxM2RiYTU1YzRkOWY2ODI5MTgwNmIyZGFhYTqABJXMAAAAAAAAAH2UKIwNX2F1dGhfdXNlcl9pZJSMATGUjBJfYXV0aF91c2VyX2JhY2tlbmSUjClkamFuZ28uY29udHJpYi5hdXRoLmJhY2tlbmRzLk1vZGVsQmFja2VuZJSMD19hdXRoX3VzZXJfaGFzaJSMKGI2MzIwNzljNDgwOWJkYTJjMmVlYWIxYTY2NzE2OGY4ZTIzNjE2NDiUjA9wcm9qZWN0X2RlZmF1bHSUSwKMCnByb2plY3RfcGuUjAEylIwKcmVxdWVzdF9wa5SMAJR1Lg==", "expire_date": "2018-11-23T08:43:49.284Z"}}, {"model": "sessions.session", "pk": "hlib06135d82yiunvenvb4utnygsh0et", "fields": {"session_data": "YmZjNzM0ZjA3ZjM3MjMxM2RiYTU1YzRkOWY2ODI5MTgwNmIyZGFhYTqABJXMAAAAAAAAAH2UKIwNX2F1dGhfdXNlcl9pZJSMATGUjBJfYXV0aF91c2VyX2JhY2tlbmSUjClkamFuZ28uY29udHJpYi5hdXRoLmJhY2tlbmRzLk1vZGVsQmFja2VuZJSMD19hdXRoX3VzZXJfaGFzaJSMKGI2MzIwNzljNDgwOWJkYTJjMmVlYWIxYTY2NzE2OGY4ZTIzNjE2NDiUjA9wcm9qZWN0X2RlZmF1bHSUSwKMCnByb2plY3RfcGuUjAEylIwKcmVxdWVzdF9wa5SMAJR1Lg==", "expire_date": "2018-12-04T07:50:42.171Z"}}, {"model": "sessions.session", "pk": "hocktqdvonr6n9ihw7hjfb3mktgld2bi", "fields": {"session_data": "ZWNmMDNjNzM2ZjQ0ZGE3NjljM2Y2ZWE0NzFhM2RhZTcwOWFlZjE4ZTqABJXMAAAAAAAAAH2UKIwNX2F1dGhfdXNlcl9pZJSMATGUjBJfYXV0aF91c2VyX2JhY2tlbmSUjClkamFuZ28uY29udHJpYi5hdXRoLmJhY2tlbmRzLk1vZGVsQmFja2VuZJSMD19hdXRoX3VzZXJfaGFzaJSMKGI2MzIwNzljNDgwOWJkYTJjMmVlYWIxYTY2NzE2OGY4ZTIzNjE2NDiUjA9wcm9qZWN0X2RlZmF1bHSUSwWMCnByb2plY3RfcGuUjAEylIwKcmVxdWVzdF9wa5SMAJR1Lg==", "expire_date": "2018-12-13T16:02:44.540Z"}}, {"model": "sessions.session", "pk": "ibomfwlnut0zvuk5zdy4kh69d9r8l4kg", "fields": {"session_data": "YmZjNzM0ZjA3ZjM3MjMxM2RiYTU1YzRkOWY2ODI5MTgwNmIyZGFhYTqABJXMAAAAAAAAAH2UKIwNX2F1dGhfdXNlcl9pZJSMATGUjBJfYXV0aF91c2VyX2JhY2tlbmSUjClkamFuZ28uY29udHJpYi5hdXRoLmJhY2tlbmRzLk1vZGVsQmFja2VuZJSMD19hdXRoX3VzZXJfaGFzaJSMKGI2MzIwNzljNDgwOWJkYTJjMmVlYWIxYTY2NzE2OGY4ZTIzNjE2NDiUjA9wcm9qZWN0X2RlZmF1bHSUSwKMCnByb2plY3RfcGuUjAEylIwKcmVxdWVzdF9wa5SMAJR1Lg==", "expire_date": "2018-12-07T01:28:03.672Z"}}, {"model": "sessions.session", "pk": "iwg7d3gkrg1xuokxo3kuyl86z8ib9oo0", "fields": {"session_data": "ZTA5Y2NlYmM5ZDkwN2MwMTg1ODAxNjNlODk3ODNmNzVjMzIwMzUxNzqABJW4AAAAAAAAAH2UKIwNX2F1dGhfdXNlcl9pZJSMATGUjBJfYXV0aF91c2VyX2JhY2tlbmSUjClkamFuZ28uY29udHJpYi5hdXRoLmJhY2tlbmRzLk1vZGVsQmFja2VuZJSMD19hdXRoX3VzZXJfaGFzaJSMKGI2MzIwNzljNDgwOWJkYTJjMmVlYWIxYTY2NzE2OGY4ZTIzNjE2NDiUjApwcm9qZWN0X3BrlIwBMpSMCnJlcXVlc3RfcGuUjACUdS4=", "expire_date": "2018-11-22T08:18:57.495Z"}}, {"model": "sessions.session", "pk": "jbr5cusolkpsm9ee8cgmxh1444u1m6gs", "fields": {"session_data": "OTgzNWZjYTcxNTY5OTAyYjdkMjRiZTczZjNmOTllNzRkOTk4M2NjZDqABJXMAAAAAAAAAH2UKIwNX2F1dGhfdXNlcl9pZJSMATGUjBJfYXV0aF91c2VyX2JhY2tlbmSUjClkamFuZ28uY29udHJpYi5hdXRoLmJhY2tlbmRzLk1vZGVsQmFja2VuZJSMD19hdXRoX3VzZXJfaGFzaJSMKGI2MzIwNzljNDgwOWJkYTJjMmVlYWIxYTY2NzE2OGY4ZTIzNjE2NDiUjA9wcm9qZWN0X2RlZmF1bHSUSwWMCnByb2plY3RfcGuUjAE1lIwKcmVxdWVzdF9wa5SMAJR1Lg==", "expire_date": "2018-12-12T20:02:05.752Z"}}, {"model": "sessions.session", "pk": "jn0kk80sf0zx1asgukkohwsgu1alriib", "fields": {"session_data": "ZGU5NjM3NzdkYWU5ZjE1ZTcwNDE0ZGMyZjdkNjY0ZmZhNGM2Y2I5MzqABJXJAAAAAAAAAH2UKIwNX2F1dGhfdXNlcl9pZJSMATGUjBJfYXV0aF91c2VyX2JhY2tlbmSUjClkamFuZ28uY29udHJpYi5hdXRoLmJhY2tlbmRzLk1vZGVsQmFja2VuZJSMD19hdXRoX3VzZXJfaGFzaJSMKGI2MzIwNzljNDgwOWJkYTJjMmVlYWIxYTY2NzE2OGY4ZTIzNjE2NDiUjA9wcm9qZWN0X2RlZmF1bHSUSwKMCnByb2plY3RfcGuUSwKMCnJlcXVlc3RfcGuUSwt1Lg==", "expire_date": "2018-11-23T07:00:39.790Z"}}, {"model": "sessions.session", "pk": "js9ltifwijv1wdvlixxh152cmztuektv", "fields": {"session_data": "ZjNjZDkyMDg3MDU2OGFhN2QxMzA0MmIwMDc5ZjFmZTUxYmQ0ZDg4YjqABJWXAAAAAAAAAH2UKIwNX2F1dGhfdXNlcl9pZJSMATOUjBJfYXV0aF91c2VyX2JhY2tlbmSUjClkamFuZ28uY29udHJpYi5hdXRoLmJhY2tlbmRzLk1vZGVsQmFja2VuZJSMD19hdXRoX3VzZXJfaGFzaJSMKDM5MWRiN2NjM2UxNDZkYWM2YmU4Y2ExNzJjNWYwZDNkMTZiYmI4YWWUdS4=", "expire_date": "2018-12-06T03:52:45.079Z"}}, {"model": "sessions.session", "pk": "kftqkx83txpaauktybcon6s999g455sx", "fields": {"session_data": "ZGNlZTMyM2QwMDhjZTZkMGQ2YmY2NjIyOWU1ZmVhMzM4NzEyMTY2NTqABJXJAAAAAAAAAH2UKIwNX2F1dGhfdXNlcl9pZJSMATGUjBJfYXV0aF91c2VyX2JhY2tlbmSUjClkamFuZ28uY29udHJpYi5hdXRoLmJhY2tlbmRzLk1vZGVsQmFja2VuZJSMD19hdXRoX3VzZXJfaGFzaJSMKGI2MzIwNzljNDgwOWJkYTJjMmVlYWIxYTY2NzE2OGY4ZTIzNjE2NDiUjA9wcm9qZWN0X2RlZmF1bHSUSwWMCnByb2plY3RfcGuUSwWMCnJlcXVlc3RfcGuUSyV1Lg==", "expire_date": "2018-12-10T10:09:07.813Z"}}, {"model": "sessions.session", "pk": "ktybtvnruq1wnj5conmktuv5ilvg5bxu", "fields": {"session_data": "MGRkN2ViYWU1NTQ4MWVkMzVhNWIzNDFhNzU5NzhiZWMxZDY5MTdmODqABJXJAAAAAAAAAH2UKIwNX2F1dGhfdXNlcl9pZJSMATGUjBJfYXV0aF91c2VyX2JhY2tlbmSUjClkamFuZ28uY29udHJpYi5hdXRoLmJhY2tlbmRzLk1vZGVsQmFja2VuZJSMD19hdXRoX3VzZXJfaGFzaJSMKGI2MzIwNzljNDgwOWJkYTJjMmVlYWIxYTY2NzE2OGY4ZTIzNjE2NDiUjA9wcm9qZWN0X2RlZmF1bHSUSwKMCnByb2plY3RfcGuUSwKMCnJlcXVlc3RfcGuUSxB1Lg==", "expire_date": "2018-12-07T09:06:16.986Z"}}, {"model": "sessions.session", "pk": "lr2pa53nw3xov5kld506ltjdd5mpy78g", "fields": {"session_data": "YmZjNzM0ZjA3ZjM3MjMxM2RiYTU1YzRkOWY2ODI5MTgwNmIyZGFhYTqABJXMAAAAAAAAAH2UKIwNX2F1dGhfdXNlcl9pZJSMATGUjBJfYXV0aF91c2VyX2JhY2tlbmSUjClkamFuZ28uY29udHJpYi5hdXRoLmJhY2tlbmRzLk1vZGVsQmFja2VuZJSMD19hdXRoX3VzZXJfaGFzaJSMKGI2MzIwNzljNDgwOWJkYTJjMmVlYWIxYTY2NzE2OGY4ZTIzNjE2NDiUjA9wcm9qZWN0X2RlZmF1bHSUSwKMCnByb2plY3RfcGuUjAEylIwKcmVxdWVzdF9wa5SMAJR1Lg==", "expire_date": "2018-12-06T00:37:30.362Z"}}, {"model": "sessions.session", "pk": "myvcimqq6a39rx4oxv2umca3ntxyycva", "fields": {"session_data": "NDRiNjgxMjY3NjQwNzJmYmJjNjdjMmFjZThlMTJkMGRjMmZmMjZlMDqABJWrAAAAAAAAAH2UKIwNX2F1dGhfdXNlcl9pZJSMATGUjBJfYXV0aF91c2VyX2JhY2tlbmSUjClkamFuZ28uY29udHJpYi5hdXRoLmJhY2tlbmRzLk1vZGVsQmFja2VuZJSMD19hdXRoX3VzZXJfaGFzaJSMKGI2MzIwNzljNDgwOWJkYTJjMmVlYWIxYTY2NzE2OGY4ZTIzNjE2NDiUjA9wcm9qZWN0X2RlZmF1bHSUSwV1Lg==", "expire_date": "2018-12-12T07:46:25.731Z"}}, {"model": "sessions.session", "pk": "nq1biozlsihavb321ihd6e48sezeflhj", "fields": {"session_data": "YmZjNzM0ZjA3ZjM3MjMxM2RiYTU1YzRkOWY2ODI5MTgwNmIyZGFhYTqABJXMAAAAAAAAAH2UKIwNX2F1dGhfdXNlcl9pZJSMATGUjBJfYXV0aF91c2VyX2JhY2tlbmSUjClkamFuZ28uY29udHJpYi5hdXRoLmJhY2tlbmRzLk1vZGVsQmFja2VuZJSMD19hdXRoX3VzZXJfaGFzaJSMKGI2MzIwNzljNDgwOWJkYTJjMmVlYWIxYTY2NzE2OGY4ZTIzNjE2NDiUjA9wcm9qZWN0X2RlZmF1bHSUSwKMCnByb2plY3RfcGuUjAEylIwKcmVxdWVzdF9wa5SMAJR1Lg==", "expire_date": "2018-12-07T04:09:29.914Z"}}, {"model": "sessions.session", "pk": "oa4cs05z9r50fwrzd2482kjdf6qj6ii6", "fields": {"session_data": "Yzc4MDQ1MTQzNDYwMGM0ZmI2ZTg5ZjkxNmJiYTk3ODQ5ZGRkNzM4MzqABJXJAAAAAAAAAH2UKIwNX2F1dGhfdXNlcl9pZJSMATGUjBJfYXV0aF91c2VyX2JhY2tlbmSUjClkamFuZ28uY29udHJpYi5hdXRoLmJhY2tlbmRzLk1vZGVsQmFja2VuZJSMD19hdXRoX3VzZXJfaGFzaJSMKGI2MzIwNzljNDgwOWJkYTJjMmVlYWIxYTY2NzE2OGY4ZTIzNjE2NDiUjA9wcm9qZWN0X2RlZmF1bHSUSwKMCnByb2plY3RfcGuUSwKMCnJlcXVlc3RfcGuUSwh1Lg==", "expire_date": "2018-11-23T04:06:19.880Z"}}, {"model": "sessions.session", "pk": "p33hcf1f4i4ph26cctfjipe1jnpm8hc6", "fields": {"session_data": "NjM1MzE1NjE1OTA1NTdiMTZjMDQ3ZTIzNGQ1YjhiYTI4ZmY2MGFmNDqABJW4AAAAAAAAAH2UKIwNX2F1dGhfdXNlcl9pZJSMATOUjBJfYXV0aF91c2VyX2JhY2tlbmSUjClkamFuZ28uY29udHJpYi5hdXRoLmJhY2tlbmRzLk1vZGVsQmFja2VuZJSMD19hdXRoX3VzZXJfaGFzaJSMKDM5MWRiN2NjM2UxNDZkYWM2YmU4Y2ExNzJjNWYwZDNkMTZiYmI4YWWUjApwcm9qZWN0X3BrlIwBMpSMCnJlcXVlc3RfcGuUjACUdS4=", "expire_date": "2018-12-06T04:19:52.822Z"}}, {"model": "sessions.session", "pk": "p6mp31fjx2d95erd1bkf2sy27ng00iry", "fields": {"session_data": "OGFjZTFmY2Q0MmYxMDFhM2ViYjdkMWIzZTJjMWZjYjYyMWVhYTBkYjqABJXJAAAAAAAAAH2UKIwNX2F1dGhfdXNlcl9pZJSMATGUjBJfYXV0aF91c2VyX2JhY2tlbmSUjClkamFuZ28uY29udHJpYi5hdXRoLmJhY2tlbmRzLk1vZGVsQmFja2VuZJSMD19hdXRoX3VzZXJfaGFzaJSMKGI2MzIwNzljNDgwOWJkYTJjMmVlYWIxYTY2NzE2OGY4ZTIzNjE2NDiUjA9wcm9qZWN0X2RlZmF1bHSUSwKMCnByb2plY3RfcGuUSwKMCnJlcXVlc3RfcGuUSwR1Lg==", "expire_date": "2018-11-23T00:25:57.067Z"}}, {"model": "sessions.session", "pk": "pe86ghya2lklwf3tqriw9cwl05bztz8z", "fields": {"session_data": "MGRkN2ViYWU1NTQ4MWVkMzVhNWIzNDFhNzU5NzhiZWMxZDY5MTdmODqABJXJAAAAAAAAAH2UKIwNX2F1dGhfdXNlcl9pZJSMATGUjBJfYXV0aF91c2VyX2JhY2tlbmSUjClkamFuZ28uY29udHJpYi5hdXRoLmJhY2tlbmRzLk1vZGVsQmFja2VuZJSMD19hdXRoX3VzZXJfaGFzaJSMKGI2MzIwNzljNDgwOWJkYTJjMmVlYWIxYTY2NzE2OGY4ZTIzNjE2NDiUjA9wcm9qZWN0X2RlZmF1bHSUSwKMCnByb2plY3RfcGuUSwKMCnJlcXVlc3RfcGuUSxB1Lg==", "expire_date": "2018-12-06T07:21:24.395Z"}}, {"model": "sessions.session", "pk": "q6w94ppktcfgo8p72tpv00lvc3tkenzo", "fields": {"session_data": "YmZjNzM0ZjA3ZjM3MjMxM2RiYTU1YzRkOWY2ODI5MTgwNmIyZGFhYTqABJXMAAAAAAAAAH2UKIwNX2F1dGhfdXNlcl9pZJSMATGUjBJfYXV0aF91c2VyX2JhY2tlbmSUjClkamFuZ28uY29udHJpYi5hdXRoLmJhY2tlbmRzLk1vZGVsQmFja2VuZJSMD19hdXRoX3VzZXJfaGFzaJSMKGI2MzIwNzljNDgwOWJkYTJjMmVlYWIxYTY2NzE2OGY4ZTIzNjE2NDiUjA9wcm9qZWN0X2RlZmF1bHSUSwKMCnByb2plY3RfcGuUjAEylIwKcmVxdWVzdF9wa5SMAJR1Lg==", "expire_date": "2018-12-07T09:27:43.108Z"}}, {"model": "sessions.session", "pk": "qdfk081n0krcis9lnaks8487t83wbt1d", "fields": {"session_data": "Yzc4MDQ1MTQzNDYwMGM0ZmI2ZTg5ZjkxNmJiYTk3ODQ5ZGRkNzM4MzqABJXJAAAAAAAAAH2UKIwNX2F1dGhfdXNlcl9pZJSMATGUjBJfYXV0aF91c2VyX2JhY2tlbmSUjClkamFuZ28uY29udHJpYi5hdXRoLmJhY2tlbmRzLk1vZGVsQmFja2VuZJSMD19hdXRoX3VzZXJfaGFzaJSMKGI2MzIwNzljNDgwOWJkYTJjMmVlYWIxYTY2NzE2OGY4ZTIzNjE2NDiUjA9wcm9qZWN0X2RlZmF1bHSUSwKMCnByb2plY3RfcGuUSwKMCnJlcXVlc3RfcGuUSwh1Lg==", "expire_date": "2018-12-04T08:42:44.800Z"}}, {"model": "sessions.session", "pk": "qkvgkgn4hw7ddakvu0s15d0xlqmfr19r", "fields": {"session_data": "YmZjNzM0ZjA3ZjM3MjMxM2RiYTU1YzRkOWY2ODI5MTgwNmIyZGFhYTqABJXMAAAAAAAAAH2UKIwNX2F1dGhfdXNlcl9pZJSMATGUjBJfYXV0aF91c2VyX2JhY2tlbmSUjClkamFuZ28uY29udHJpYi5hdXRoLmJhY2tlbmRzLk1vZGVsQmFja2VuZJSMD19hdXRoX3VzZXJfaGFzaJSMKGI2MzIwNzljNDgwOWJkYTJjMmVlYWIxYTY2NzE2OGY4ZTIzNjE2NDiUjA9wcm9qZWN0X2RlZmF1bHSUSwKMCnByb2plY3RfcGuUjAEylIwKcmVxdWVzdF9wa5SMAJR1Lg==", "expire_date": "2018-12-06T05:32:11.980Z"}}, {"model": "sessions.session", "pk": "qqmgui1apu77zrjzeijhau8ot0zn517m", "fields": {"session_data": "OWIyMjJjOTlhZGVkMTlmNjBjYTEyZTY3NzNiMjU3YTY4YzM0NzVkMDqABJXJAAAAAAAAAH2UKIwNX2F1dGhfdXNlcl9pZJSMATGUjBJfYXV0aF91c2VyX2JhY2tlbmSUjClkamFuZ28uY29udHJpYi5hdXRoLmJhY2tlbmRzLk1vZGVsQmFja2VuZJSMD19hdXRoX3VzZXJfaGFzaJSMKGI2MzIwNzljNDgwOWJkYTJjMmVlYWIxYTY2NzE2OGY4ZTIzNjE2NDiUjA9wcm9qZWN0X2RlZmF1bHSUSwGMCnByb2plY3RfcGuUSwGMCnJlcXVlc3RfcGuUSwF1Lg==", "expire_date": "2018-11-22T07:41:27.550Z"}}, {"model": "sessions.session", "pk": "r2cxm15fmnrgqmkmg5hkdr90j5o6a98n", "fields": {"session_data": "YmZjNzM0ZjA3ZjM3MjMxM2RiYTU1YzRkOWY2ODI5MTgwNmIyZGFhYTqABJXMAAAAAAAAAH2UKIwNX2F1dGhfdXNlcl9pZJSMATGUjBJfYXV0aF91c2VyX2JhY2tlbmSUjClkamFuZ28uY29udHJpYi5hdXRoLmJhY2tlbmRzLk1vZGVsQmFja2VuZJSMD19hdXRoX3VzZXJfaGFzaJSMKGI2MzIwNzljNDgwOWJkYTJjMmVlYWIxYTY2NzE2OGY4ZTIzNjE2NDiUjA9wcm9qZWN0X2RlZmF1bHSUSwKMCnByb2plY3RfcGuUjAEylIwKcmVxdWVzdF9wa5SMAJR1Lg==", "expire_date": "2018-12-03T07:38:22.452Z"}}, {"model": "sessions.session", "pk": "r94pbt1rgwu2572u27irx00aqnpj07an", "fields": {"session_data": "NjlhNjJkODQ2NjdhNWQ2N2Y4ZGZkM2UzNmQxNzZmODFhMGU2NTA5MDqABJXJAAAAAAAAAH2UKIwNX2F1dGhfdXNlcl9pZJSMATGUjBJfYXV0aF91c2VyX2JhY2tlbmSUjClkamFuZ28uY29udHJpYi5hdXRoLmJhY2tlbmRzLk1vZGVsQmFja2VuZJSMD19hdXRoX3VzZXJfaGFzaJSMKGI2MzIwNzljNDgwOWJkYTJjMmVlYWIxYTY2NzE2OGY4ZTIzNjE2NDiUjA9wcm9qZWN0X2RlZmF1bHSUSwKMCnByb2plY3RfcGuUSwKMCnJlcXVlc3RfcGuUSw51Lg==", "expire_date": "2018-12-04T01:20:17.737Z"}}, {"model": "sessions.session", "pk": "ref0pf1wjivhbyi012u7uxojbi0oo10i", "fields": {"session_data": "Yzc4MDQ1MTQzNDYwMGM0ZmI2ZTg5ZjkxNmJiYTk3ODQ5ZGRkNzM4MzqABJXJAAAAAAAAAH2UKIwNX2F1dGhfdXNlcl9pZJSMATGUjBJfYXV0aF91c2VyX2JhY2tlbmSUjClkamFuZ28uY29udHJpYi5hdXRoLmJhY2tlbmRzLk1vZGVsQmFja2VuZJSMD19hdXRoX3VzZXJfaGFzaJSMKGI2MzIwNzljNDgwOWJkYTJjMmVlYWIxYTY2NzE2OGY4ZTIzNjE2NDiUjA9wcm9qZWN0X2RlZmF1bHSUSwKMCnByb2plY3RfcGuUSwKMCnJlcXVlc3RfcGuUSwh1Lg==", "expire_date": "2018-11-23T05:57:49.800Z"}}, {"model": "sessions.session", "pk": "rk8fr3kdtg9gw2af7w44ivepnnb0ml6x", "fields": {"session_data": "MTE1MDgyNzBjZjg0ZTgzNjExNDc2NmEzY2ZlYzAzZDQ2Y2VmYTNiNjqABJXJAAAAAAAAAH2UKIwNX2F1dGhfdXNlcl9pZJSMATGUjBJfYXV0aF91c2VyX2JhY2tlbmSUjClkamFuZ28uY29udHJpYi5hdXRoLmJhY2tlbmRzLk1vZGVsQmFja2VuZJSMD19hdXRoX3VzZXJfaGFzaJSMKGI2MzIwNzljNDgwOWJkYTJjMmVlYWIxYTY2NzE2OGY4ZTIzNjE2NDiUjA9wcm9qZWN0X2RlZmF1bHSUSwWMCnByb2plY3RfcGuUSwWMCnJlcXVlc3RfcGuUSy51Lg==", "expire_date": "2018-12-12T02:41:44.577Z"}}, {"model": "sessions.session", "pk": "s0r3cegac9fts8ncli5bixgp0xn6u40x", "fields": {"session_data": "OTgzNWZjYTcxNTY5OTAyYjdkMjRiZTczZjNmOTllNzRkOTk4M2NjZDqABJXMAAAAAAAAAH2UKIwNX2F1dGhfdXNlcl9pZJSMATGUjBJfYXV0aF91c2VyX2JhY2tlbmSUjClkamFuZ28uY29udHJpYi5hdXRoLmJhY2tlbmRzLk1vZGVsQmFja2VuZJSMD19hdXRoX3VzZXJfaGFzaJSMKGI2MzIwNzljNDgwOWJkYTJjMmVlYWIxYTY2NzE2OGY4ZTIzNjE2NDiUjA9wcm9qZWN0X2RlZmF1bHSUSwWMCnByb2plY3RfcGuUjAE1lIwKcmVxdWVzdF9wa5SMAJR1Lg==", "expire_date": "2018-12-12T01:29:21.875Z"}}, {"model": "sessions.session", "pk": "t3z8no9qd7hrlo1svu3s1e9kxnow6gno", "fields": {"session_data": "YmZjNzM0ZjA3ZjM3MjMxM2RiYTU1YzRkOWY2ODI5MTgwNmIyZGFhYTqABJXMAAAAAAAAAH2UKIwNX2F1dGhfdXNlcl9pZJSMATGUjBJfYXV0aF91c2VyX2JhY2tlbmSUjClkamFuZ28uY29udHJpYi5hdXRoLmJhY2tlbmRzLk1vZGVsQmFja2VuZJSMD19hdXRoX3VzZXJfaGFzaJSMKGI2MzIwNzljNDgwOWJkYTJjMmVlYWIxYTY2NzE2OGY4ZTIzNjE2NDiUjA9wcm9qZWN0X2RlZmF1bHSUSwKMCnByb2plY3RfcGuUjAEylIwKcmVxdWVzdF9wa5SMAJR1Lg==", "expire_date": "2018-12-03T01:13:06.656Z"}}, {"model": "sessions.session", "pk": "v4m1b9kclbdy5ee1aeii8qyus5yvf9n0", "fields": {"session_data": "OTgzNWZjYTcxNTY5OTAyYjdkMjRiZTczZjNmOTllNzRkOTk4M2NjZDqABJXMAAAAAAAAAH2UKIwNX2F1dGhfdXNlcl9pZJSMATGUjBJfYXV0aF91c2VyX2JhY2tlbmSUjClkamFuZ28uY29udHJpYi5hdXRoLmJhY2tlbmRzLk1vZGVsQmFja2VuZJSMD19hdXRoX3VzZXJfaGFzaJSMKGI2MzIwNzljNDgwOWJkYTJjMmVlYWIxYTY2NzE2OGY4ZTIzNjE2NDiUjA9wcm9qZWN0X2RlZmF1bHSUSwWMCnByb2plY3RfcGuUjAE1lIwKcmVxdWVzdF9wa5SMAJR1Lg==", "expire_date": "2018-12-12T01:49:21.314Z"}}, {"model": "sessions.session", "pk": "vjut53nqovu2nvn8ootae7cplzk5mk3g", "fields": {"session_data": "YmZjNzM0ZjA3ZjM3MjMxM2RiYTU1YzRkOWY2ODI5MTgwNmIyZGFhYTqABJXMAAAAAAAAAH2UKIwNX2F1dGhfdXNlcl9pZJSMATGUjBJfYXV0aF91c2VyX2JhY2tlbmSUjClkamFuZ28uY29udHJpYi5hdXRoLmJhY2tlbmRzLk1vZGVsQmFja2VuZJSMD19hdXRoX3VzZXJfaGFzaJSMKGI2MzIwNzljNDgwOWJkYTJjMmVlYWIxYTY2NzE2OGY4ZTIzNjE2NDiUjA9wcm9qZWN0X2RlZmF1bHSUSwKMCnByb2plY3RfcGuUjAEylIwKcmVxdWVzdF9wa5SMAJR1Lg==", "expire_date": "2018-12-03T09:40:43.171Z"}}, {"model": "sessions.session", "pk": "vrn1bucb1jvs1f69vktr8p50735xm9fc", "fields": {"session_data": "YmZjNzM0ZjA3ZjM3MjMxM2RiYTU1YzRkOWY2ODI5MTgwNmIyZGFhYTqABJXMAAAAAAAAAH2UKIwNX2F1dGhfdXNlcl9pZJSMATGUjBJfYXV0aF91c2VyX2JhY2tlbmSUjClkamFuZ28uY29udHJpYi5hdXRoLmJhY2tlbmRzLk1vZGVsQmFja2VuZJSMD19hdXRoX3VzZXJfaGFzaJSMKGI2MzIwNzljNDgwOWJkYTJjMmVlYWIxYTY2NzE2OGY4ZTIzNjE2NDiUjA9wcm9qZWN0X2RlZmF1bHSUSwKMCnByb2plY3RfcGuUjAEylIwKcmVxdWVzdF9wa5SMAJR1Lg==", "expire_date": "2018-12-06T09:55:55.290Z"}}, {"model": "sessions.session", "pk": "w957hoth7qrqlt3zufgs3zcv8i5ka96g", "fields": {"session_data": "YmZjNzM0ZjA3ZjM3MjMxM2RiYTU1YzRkOWY2ODI5MTgwNmIyZGFhYTqABJXMAAAAAAAAAH2UKIwNX2F1dGhfdXNlcl9pZJSMATGUjBJfYXV0aF91c2VyX2JhY2tlbmSUjClkamFuZ28uY29udHJpYi5hdXRoLmJhY2tlbmRzLk1vZGVsQmFja2VuZJSMD19hdXRoX3VzZXJfaGFzaJSMKGI2MzIwNzljNDgwOWJkYTJjMmVlYWIxYTY2NzE2OGY4ZTIzNjE2NDiUjA9wcm9qZWN0X2RlZmF1bHSUSwKMCnByb2plY3RfcGuUjAEylIwKcmVxdWVzdF9wa5SMAJR1Lg==", "expire_date": "2018-12-06T00:43:15.414Z"}}, {"model": "sessions.session", "pk": "wdp2teyltiuckaudqrw69y33lcdjz9ga", "fields": {"session_data": "YmZjNzM0ZjA3ZjM3MjMxM2RiYTU1YzRkOWY2ODI5MTgwNmIyZGFhYTqABJXMAAAAAAAAAH2UKIwNX2F1dGhfdXNlcl9pZJSMATGUjBJfYXV0aF91c2VyX2JhY2tlbmSUjClkamFuZ28uY29udHJpYi5hdXRoLmJhY2tlbmRzLk1vZGVsQmFja2VuZJSMD19hdXRoX3VzZXJfaGFzaJSMKGI2MzIwNzljNDgwOWJkYTJjMmVlYWIxYTY2NzE2OGY4ZTIzNjE2NDiUjA9wcm9qZWN0X2RlZmF1bHSUSwKMCnByb2plY3RfcGuUjAEylIwKcmVxdWVzdF9wa5SMAJR1Lg==", "expire_date": "2018-12-06T00:51:22.147Z"}}, {"model": "sessions.session", "pk": "wklhc0dc8hbn5tlqgvgccjsekykub3t6", "fields": {"session_data": "Yzc4MDQ1MTQzNDYwMGM0ZmI2ZTg5ZjkxNmJiYTk3ODQ5ZGRkNzM4MzqABJXJAAAAAAAAAH2UKIwNX2F1dGhfdXNlcl9pZJSMATGUjBJfYXV0aF91c2VyX2JhY2tlbmSUjClkamFuZ28uY29udHJpYi5hdXRoLmJhY2tlbmRzLk1vZGVsQmFja2VuZJSMD19hdXRoX3VzZXJfaGFzaJSMKGI2MzIwNzljNDgwOWJkYTJjMmVlYWIxYTY2NzE2OGY4ZTIzNjE2NDiUjA9wcm9qZWN0X2RlZmF1bHSUSwKMCnByb2plY3RfcGuUSwKMCnJlcXVlc3RfcGuUSwh1Lg==", "expire_date": "2018-11-23T06:24:08.072Z"}}, {"model": "sessions.session", "pk": "wr6iv00dhb2ntkb2ascglr2luapolfm8", "fields": {"session_data": "YmZjNzM0ZjA3ZjM3MjMxM2RiYTU1YzRkOWY2ODI5MTgwNmIyZGFhYTqABJXMAAAAAAAAAH2UKIwNX2F1dGhfdXNlcl9pZJSMATGUjBJfYXV0aF91c2VyX2JhY2tlbmSUjClkamFuZ28uY29udHJpYi5hdXRoLmJhY2tlbmRzLk1vZGVsQmFja2VuZJSMD19hdXRoX3VzZXJfaGFzaJSMKGI2MzIwNzljNDgwOWJkYTJjMmVlYWIxYTY2NzE2OGY4ZTIzNjE2NDiUjA9wcm9qZWN0X2RlZmF1bHSUSwKMCnByb2plY3RfcGuUjAEylIwKcmVxdWVzdF9wa5SMAJR1Lg==", "expire_date": "2018-12-04T07:29:21.430Z"}}, {"model": "sessions.session", "pk": "x87rxlm5u2gdzo1uxktbv111jjud16c3", "fields": {"session_data": "OGFjZTFmY2Q0MmYxMDFhM2ViYjdkMWIzZTJjMWZjYjYyMWVhYTBkYjqABJXJAAAAAAAAAH2UKIwNX2F1dGhfdXNlcl9pZJSMATGUjBJfYXV0aF91c2VyX2JhY2tlbmSUjClkamFuZ28uY29udHJpYi5hdXRoLmJhY2tlbmRzLk1vZGVsQmFja2VuZJSMD19hdXRoX3VzZXJfaGFzaJSMKGI2MzIwNzljNDgwOWJkYTJjMmVlYWIxYTY2NzE2OGY4ZTIzNjE2NDiUjA9wcm9qZWN0X2RlZmF1bHSUSwKMCnByb2plY3RfcGuUSwKMCnJlcXVlc3RfcGuUSwR1Lg==", "expire_date": "2018-11-23T01:10:01.355Z"}}, {"model": "sessions.session", "pk": "x8c6darafoprnpzisa7sfftnxhe6muc1", "fields": {"session_data": "MjgxNDg4YTNlOTExNzI0M2IxM2U3ZGZhZWM0ODQxMzYyYjYyMjQyYjqABJWXAAAAAAAAAH2UKIwNX2F1dGhfdXNlcl9pZJSMATGUjBJfYXV0aF91c2VyX2JhY2tlbmSUjClkamFuZ28uY29udHJpYi5hdXRoLmJhY2tlbmRzLk1vZGVsQmFja2VuZJSMD19hdXRoX3VzZXJfaGFzaJSMKGI2MzIwNzljNDgwOWJkYTJjMmVlYWIxYTY2NzE2OGY4ZTIzNjE2NDiUdS4=", "expire_date": "2018-12-06T03:25:27.210Z"}}, {"model": "sessions.session", "pk": "xr550isahik8ndscomzc2eow0t4vu4v7", "fields": {"session_data": "YmZjNzM0ZjA3ZjM3MjMxM2RiYTU1YzRkOWY2ODI5MTgwNmIyZGFhYTqABJXMAAAAAAAAAH2UKIwNX2F1dGhfdXNlcl9pZJSMATGUjBJfYXV0aF91c2VyX2JhY2tlbmSUjClkamFuZ28uY29udHJpYi5hdXRoLmJhY2tlbmRzLk1vZGVsQmFja2VuZJSMD19hdXRoX3VzZXJfaGFzaJSMKGI2MzIwNzljNDgwOWJkYTJjMmVlYWIxYTY2NzE2OGY4ZTIzNjE2NDiUjA9wcm9qZWN0X2RlZmF1bHSUSwKMCnByb2plY3RfcGuUjAEylIwKcmVxdWVzdF9wa5SMAJR1Lg==", "expire_date": "2018-12-05T08:30:05.613Z"}}, {"model": "sessions.session", "pk": "yug3fse0nnwp455yoakhdx5r3shayh65", "fields": {"session_data": "YmZjNzM0ZjA3ZjM3MjMxM2RiYTU1YzRkOWY2ODI5MTgwNmIyZGFhYTqABJXMAAAAAAAAAH2UKIwNX2F1dGhfdXNlcl9pZJSMATGUjBJfYXV0aF91c2VyX2JhY2tlbmSUjClkamFuZ28uY29udHJpYi5hdXRoLmJhY2tlbmRzLk1vZGVsQmFja2VuZJSMD19hdXRoX3VzZXJfaGFzaJSMKGI2MzIwNzljNDgwOWJkYTJjMmVlYWIxYTY2NzE2OGY4ZTIzNjE2NDiUjA9wcm9qZWN0X2RlZmF1bHSUSwKMCnByb2plY3RfcGuUjAEylIwKcmVxdWVzdF9wa5SMAJR1Lg==", "expire_date": "2018-12-06T00:24:38.240Z"}}, {"model": "sessions.session", "pk": "zhp9ll92zem9j2g12hado9csgt0wdgmq", "fields": {"session_data": "Yzc4MDQ1MTQzNDYwMGM0ZmI2ZTg5ZjkxNmJiYTk3ODQ5ZGRkNzM4MzqABJXJAAAAAAAAAH2UKIwNX2F1dGhfdXNlcl9pZJSMATGUjBJfYXV0aF91c2VyX2JhY2tlbmSUjClkamFuZ28uY29udHJpYi5hdXRoLmJhY2tlbmRzLk1vZGVsQmFja2VuZJSMD19hdXRoX3VzZXJfaGFzaJSMKGI2MzIwNzljNDgwOWJkYTJjMmVlYWIxYTY2NzE2OGY4ZTIzNjE2NDiUjA9wcm9qZWN0X2RlZmF1bHSUSwKMCnByb2plY3RfcGuUSwKMCnJlcXVlc3RfcGuUSwh1Lg==", "expire_date": "2018-12-04T09:16:21.923Z"}}, {"model": "sessions.session", "pk": "zmbjbwpuw3be60oxktlb63qlu5828k7b", "fields": {"session_data": "ZTA5Y2NlYmM5ZDkwN2MwMTg1ODAxNjNlODk3ODNmNzVjMzIwMzUxNzqABJW4AAAAAAAAAH2UKIwNX2F1dGhfdXNlcl9pZJSMATGUjBJfYXV0aF91c2VyX2JhY2tlbmSUjClkamFuZ28uY29udHJpYi5hdXRoLmJhY2tlbmRzLk1vZGVsQmFja2VuZJSMD19hdXRoX3VzZXJfaGFzaJSMKGI2MzIwNzljNDgwOWJkYTJjMmVlYWIxYTY2NzE2OGY4ZTIzNjE2NDiUjApwcm9qZWN0X3BrlIwBMpSMCnJlcXVlc3RfcGuUjACUdS4=", "expire_date": "2018-11-22T02:44:48.685Z"}}, {"model": "auth.permission", "pk": 1, "fields": {"name": "Can add user", "content_type": 1, "codename": "add_customuser"}}, {"model": "auth.permission", "pk": 2, "fields": {"name": "Can change user", "content_type": 1, "codename": "change_customuser"}}, {"model": "auth.permission", "pk": 3, "fields": {"name": "Can delete user", "content_type": 1, "codename": "delete_customuser"}}, {"model": "auth.permission", "pk": 4, "fields": {"name": "Can add project", "content_type": 2, "codename": "add_project"}}, {"model": "auth.permission", "pk": 5, "fields": {"name": "Can change project", "content_type": 2, "codename": "change_project"}}, {"model": "auth.permission", "pk": 6, "fields": {"name": "Can delete project", "content_type": 2, "codename": "delete_project"}}, {"model": "auth.permission", "pk": 7, "fields": {"name": "Can add project_setting", "content_type": 3, "codename": "add_project_setting"}}, {"model": "auth.permission", "pk": 8, "fields": {"name": "Can change project_setting", "content_type": 3, "codename": "change_project_setting"}}, {"model": "auth.permission", "pk": 9, "fields": {"name": "Can delete project_setting", "content_type": 3, "codename": "delete_project_setting"}}, {"model": "auth.permission", "pk": 10, "fields": {"name": "Can add level", "content_type": 4, "codename": "add_level"}}, {"model": "auth.permission", "pk": 11, "fields": {"name": "Can change level", "content_type": 4, "codename": "change_level"}}, {"model": "auth.permission", "pk": 12, "fields": {"name": "Can delete level", "content_type": 4, "codename": "delete_level"}}, {"model": "auth.permission", "pk": 13, "fields": {"name": "Can add request", "content_type": 5, "codename": "add_request"}}, {"model": "auth.permission", "pk": 14, "fields": {"name": "Can change request", "content_type": 5, "codename": "change_request"}}, {"model": "auth.permission", "pk": 15, "fields": {"name": "Can delete request", "content_type": 5, "codename": "delete_request"}}, {"model": "auth.permission", "pk": 16, "fields": {"name": "Can add request_attachment", "content_type": 6, "codename": "add_request_attachment"}}, {"model": "auth.permission", "pk": 17, "fields": {"name": "Can change request_attachment", "content_type": 6, "codename": "change_request_attachment"}}, {"model": "auth.permission", "pk": 18, "fields": {"name": "Can delete request_attachment", "content_type": 6, "codename": "delete_request_attachment"}}, {"model": "auth.permission", "pk": 19, "fields": {"name": "Can add problem", "content_type": 7, "codename": "add_problem"}}, {"model": "auth.permission", "pk": 20, "fields": {"name": "Can change problem", "content_type": 7, "codename": "change_problem"}}, {"model": "auth.permission", "pk": 21, "fields": {"name": "Can delete problem", "content_type": 7, "codename": "delete_problem"}}, {"model": "auth.permission", "pk": 22, "fields": {"name": "Can add problem_attachment", "content_type": 8, "codename": "add_problem_attachment"}}, {"model": "auth.permission", "pk": 23, "fields": {"name": "Can change problem_attachment", "content_type": 8, "codename": "change_problem_attachment"}}, {"model": "auth.permission", "pk": 24, "fields": {"name": "Can delete problem_attachment", "content_type": 8, "codename": "delete_problem_attachment"}}, {"model": "auth.permission", "pk": 25, "fields": {"name": "Can add problem_reply", "content_type": 9, "codename": "add_problem_reply"}}, {"model": "auth.permission", "pk": 26, "fields": {"name": "Can change problem_reply", "content_type": 9, "codename": "change_problem_reply"}}, {"model": "auth.permission", "pk": 27, "fields": {"name": "Can delete problem_reply", "content_type": 9, "codename": "delete_problem_reply"}}, {"model": "auth.permission", "pk": 28, "fields": {"name": "Can add bug", "content_type": 10, "codename": "add_bug"}}, {"model": "auth.permission", "pk": 29, "fields": {"name": "Can change bug", "content_type": 10, "codename": "change_bug"}}, {"model": "auth.permission", "pk": 30, "fields": {"name": "Can delete bug", "content_type": 10, "codename": "delete_bug"}}, {"model": "auth.permission", "pk": 31, "fields": {"name": "Can add bug_attachment", "content_type": 11, "codename": "add_bug_attachment"}}, {"model": "auth.permission", "pk": 32, "fields": {"name": "Can change bug_attachment", "content_type": 11, "codename": "change_bug_attachment"}}, {"model": "auth.permission", "pk": 33, "fields": {"name": "Can delete bug_attachment", "content_type": 11, "codename": "delete_bug_attachment"}}, {"model": "auth.permission", "pk": 34, "fields": {"name": "Can add data index", "content_type": 12, "codename": "add_dataindex"}}, {"model": "auth.permission", "pk": 35, "fields": {"name": "Can change data index", "content_type": 12, "codename": "change_dataindex"}}, {"model": "auth.permission", "pk": 36, "fields": {"name": "Can delete data index", "content_type": 12, "codename": "delete_dataindex"}}, {"model": "auth.permission", "pk": 37, "fields": {"name": "Can add form type", "content_type": 13, "codename": "add_formtype"}}, {"model": "auth.permission", "pk": 38, "fields": {"name": "Can change form type", "content_type": 13, "codename": "change_formtype"}}, {"model": "auth.permission", "pk": 39, "fields": {"name": "Can delete form type", "content_type": 13, "codename": "delete_formtype"}}, {"model": "auth.permission", "pk": 40, "fields": {"name": "Can add status", "content_type": 14, "codename": "add_status"}}, {"model": "auth.permission", "pk": 41, "fields": {"name": "Can change status", "content_type": 14, "codename": "change_status"}}, {"model": "auth.permission", "pk": 42, "fields": {"name": "Can delete status", "content_type": 14, "codename": "delete_status"}}, {"model": "auth.permission", "pk": 43, "fields": {"name": "Can add log entry", "content_type": 15, "codename": "add_logentry"}}, {"model": "auth.permission", "pk": 44, "fields": {"name": "Can change log entry", "content_type": 15, "codename": "change_logentry"}}, {"model": "auth.permission", "pk": 45, "fields": {"name": "Can delete log entry", "content_type": 15, "codename": "delete_logentry"}}, {"model": "auth.permission", "pk": 46, "fields": {"name": "Can add permission", "content_type": 16, "codename": "add_permission"}}, {"model": "auth.permission", "pk": 47, "fields": {"name": "Can change permission", "content_type": 16, "codename": "change_permission"}}, {"model": "auth.permission", "pk": 48, "fields": {"name": "Can delete permission", "content_type": 16, "codename": "delete_permission"}}, {"model": "auth.permission", "pk": 49, "fields": {"name": "Can add group", "content_type": 17, "codename": "add_group"}}, {"model": "auth.permission", "pk": 50, "fields": {"name": "Can change group", "content_type": 17, "codename": "change_group"}}, {"model": "auth.permission", "pk": 51, "fields": {"name": "Can delete group", "content_type": 17, "codename": "delete_group"}}, {"model": "auth.permission", "pk": 52, "fields": {"name": "Can add content type", "content_type": 18, "codename": "add_contenttype"}}, {"model": "auth.permission", "pk": 53, "fields": {"name": "Can change content type", "content_type": 18, "codename": "change_contenttype"}}, {"model": "auth.permission", "pk": 54, "fields": {"name": "Can delete content type", "content_type": 18, "codename": "delete_contenttype"}}, {"model": "auth.permission", "pk": 55, "fields": {"name": "Can add session", "content_type": 19, "codename": "add_session"}}, {"model": "auth.permission", "pk": 56, "fields": {"name": "Can change session", "content_type": 19, "codename": "change_session"}}, {"model": "auth.permission", "pk": 57, "fields": {"name": "Can delete session", "content_type": 19, "codename": "delete_session"}}, {"model": "users.customuser", "pk": 1, "fields": {"password": "pbkdf2_sha256$36000$QhDvfCnoslCz$0s3LqKeN+3rkiCGKUjLGtF+mQfTXjvtYX2+JgxfsuOM=", "last_login": "2018-12-13T00:55:11.016Z", "is_superuser": true, "username": "box_chang", "email": "b@ccc", "first_name": "", "last_name": "", "shot": "uploads/profile/box_chang.jpg", "mobile_number": "", "is_staff": true, "is_active": true, "date_joined": "2018-11-22T01:28:17.300Z", "groups": [], "user_permissions": []}}, {"model": "users.customuser", "pk": 3, "fields": {"password": "pbkdf2_sha256$36000$Pe5yFTd36a2g$aBMXdJbEBOnFOvs892PYAUDpa0qWkvoopLAVCDZIEV0=", "last_login": "2018-12-10T06:20:35.509Z", "is_superuser": false, "username": "kkk", "email": "", "first_name": "Box", "last_name": "Chang", "shot": "", "mobile_number": "123456", "is_staff": false, "is_active": true, "date_joined": "2018-12-06T03:21:00Z", "groups": [], "user_permissions": []}}, {"model": "users.customuser", "pk": 4, "fields": {"password": "pbkdf2_sha256$36000$QvQ5UPDawCqc$UCxnBdCj1PcouglsPOy8i3qYDBHwW88tzpBUQ5PbtiE=", "last_login": "2018-11-22T07:15:45.972Z", "is_superuser": true, "username": "nico", "email": "n@ccc", "first_name": "", "last_name": "", "shot": "", "mobile_number": "", "is_staff": true, "is_active": true, "date_joined": "2018-11-22T07:15:45.972Z", "groups": [], "user_permissions": []}}, {"model": "projects.project", "pk": 2, "fields": {"name": "\u82f1\u6587\u751f\u6d3b\u7528\u8a9e", "short_name": "PMS", "desc": "\u5728\u83f2\u5f8b\u8cd3\u4f7f\u7528\u7684\u751f\u6d3b\u7528\u8a9e", "create_at": "2018-11-22T07:49:03.904Z", "create_by": 1, "update_at": "2018-12-05T07:39:32.008Z", "update_by": 1}}, {"model": "projects.project", "pk": 3, "fields": {"name": "\u5728\u83f2\u65c5\u904a\u653b\u7565", "short_name": "PMA", "desc": "\u5728\u83f2\u5f8b\u8cd3\u597d\u73a9\u7684\u5730\u65b9", "create_at": "2018-11-22T07:55:37.467Z", "create_by": 1, "update_at": "2018-12-05T07:40:04.759Z", "update_by": 1}}, {"model": "projects.project", "pk": 5, "fields": {"name": "\u9700\u6c42\u7ba1\u7406\u7cfb\u7d71\u958b\u767c\u6848", "short_name": "PPP", "desc": "<p>\u9700\u6c42\u958b\u767c\u7ba1\u7406\u7cfb\u7d71</p>", "create_at": "2018-12-06T09:10:40.290Z", "create_by": 3, "update_at": "2018-12-10T07:48:57.044Z", "update_by": 3}}, {"model": "projects.project_setting", "pk": 2, "fields": {"user": 1, "default": 5, "page_number": 10, "update_at": "2018-11-22T07:57:47.977Z", "project": [5]}}, {"model": "projects.project_setting", "pk": 3, "fields": {"user": 3, "default": 2, "page_number": 10, "update_at": "2018-12-06T03:55:30.479Z", "project": [2, 3]}}, {"model": "requests.request", "pk": 16, "fields": {"request_no": "PMS20181205R001", "title": "\u4ea4\u901a\u7bc7", "desc": "<ul>\r\n\t<li><strong>\u554f\u8def\u5fc5\u5b78\u53e5\u5b50:</strong></li>\r\n</ul>\r\n\r\n<p>1. Excuse me, I&rsquo;ve lost my way.&nbsp;<br />\r\n\u4e0d\u597d\u610f\u601d\uff0c\u6211\u8ff7\u8def\u4e86\u3002</p>\r\n\r\n<p>2. I seem to have come the wrong way.<br />\r\n\u6211\u597d\u50cf\u8d70\u932f\u8def\u4e86\u3002</p>\r\n\r\n<p>3. Could you tell me where I am now?<br />\r\n\u53ef\u4ee5\u544a\u8a34\u6211\u9019\u662f\u54ea\u88e1\u55ce?</p>\r\n\r\n<p>4. Could you tell me how to get to XXX(Location), please?<br />\r\n\u8acb\u554fXXX(\u5730\u9ede)\u600e\u9ebc\u8d70?</p>\r\n\r\n<p>5. Do you know where XXX(Location) is?<br />\r\n\u8acb\u554f\u4f60\u77e5\u9053XXX(\u5730\u9ede)\u5728\u54ea\u55ce?</p>\r\n\r\n<p>6. How can I get to this address?<br />\r\n\u9019\u500b\u5730\u5740\u8a72\u600e\u9ebc\u53bb?</p>\r\n\r\n<p>7. Could you show me on this map?<br />\r\n\u4f60\u53ef\u4ee5\u5728\u5730\u5716\u4e0a\u6307\u7d66\u6211\u770b\u55ce?</p>\r\n\r\n<p>8. Am I going in the right direction to XXX(Location)?<br />\r\n\u8acb\u554fXXX(\u5730\u9ede)\u662f\u5f80\u9019\u908a\u8d70\u55ce?</p>\r\n\r\n<p>9. Are there any landmarks on the way?<br />\r\n\u9014\u4e2d\u6709\u4ec0\u9ebc\u5730\u6a19\u55ce?</p>\r\n\r\n<p>10. Which side of the street is it on?<br />\r\n\u662f\u5728\u8def\u7684\u54ea\u4e00\u908a\u5462?</p>\r\n\r\n<p>11. How far is it from here?<br />\r\n\u8ddd\u96e2\u9019\u88e1\u6709\u591a\u9060?</p>\r\n\r\n<p>12. Is it within walking distance?<br />\r\n\u8d70\u8def\u53ef\u4ee5\u5230\u55ce?</p>\r\n\r\n<p>13. How long does it take on foot?<br />\r\n\u8d70\u8def\u8981\u8d70\u591a\u4e45?</p>\r\n\r\n<p>14. Would it be better for me to take a taxi/bus?<br />\r\n\u642d\u8a08\u7a0b\u8eca/\u516c\u8eca\u6703\u6bd4\u8f03\u597d\u55ce?</p>\r\n\r\n<p>15. Should I take a taxi/bus?<br />\r\n\u6211\u61c9\u8a72\u8981\u642d\u8a08\u7a0b\u8eca/\u516c\u8eca\u55ce?</p>\r\n\r\n<ul>\r\n\t<li><strong>\u6307\u793a\u8d70\u6cd5\u5fc5\u5b78\u53e5\u5b50:</strong></li>\r\n</ul>\r\n\r\n<p>1. Go straight along this street to the next corner.<br />\r\n\u5f9e\u9019\u689d\u8def\u76f4\u8d70\u5230\u4e0b\u500b\u8f49\u89d2\u3002</p>\r\n\r\n<p>2. Keep going straight until you get to the traffic light.<br />\r\n\u76f4\u8d70\u5230\u4e0b\u500b\u7d05\u7da0\u71c8\u3002</p>\r\n\r\n<p>3. Go past the XXX (Location).<br />\r\n\u7d93\u904eXXX(\u5730\u9ede)\u3002</p>\r\n\r\n<p>4.Take the first/second/third (etc.) coroner to the right/left.<br />\r\n\u5728\u7b2c\u4e00/\u4e8c/\u4e09\u500b\u8f49\u89d2\u5f80\u53f3/\u5de6\u8f49\u3002</p>\r\n\r\n<p>5. You&rsquo;ll see it on your right/left.<br />\r\n\u4f60\u6703\u5728\u770b\u5230\u5b83\u5728\u4f60\u7684\u53f3/\u5de6\u624b\u908a\u3002</p>\r\n\r\n<p>6. It&rsquo;s on the right/left side of the street.<br />\r\n\u4f4d\u65bc\u8857\u9053\u4e0a\u7684\u53f3/\u5de6\u5074\u3002</p>\r\n\r\n<p>7. It&rsquo;s next to/in front of/behind XXX (Location).<br />\r\n\u5728XXX(\u5730\u9ede)\u7684\u9694\u58c1/\u524d\u9762/\u5f8c\u9762\u3002</p>\r\n\r\n<p>8. It&rsquo;s on the XXX Road/Avenue/Street.<br />\r\n\u5728XXX\u8def/\u5927\u9053/\u8857\u4e0a\u3002</p>\r\n\r\n<p>9. You&rsquo;re going in the wrong direction.<br />\r\n\u4f60\u8d70\u932f\u65b9\u5411\u4e86\u3002</p>\r\n\r\n<p>10. You&rsquo;d better take a taxi/bus.<br />\r\n\u4f60\u6700\u597d\u642d\u8a08\u7a0b\u8eca/\u516c\u8eca\u3002</p>\r\n\r\n<p>11. I&rsquo;m sorry, but I&rsquo;m a stranger here, too.<br />\r\n\u62b1\u6b49\uff0c\u9019\u4e00\u5e36\u6211\u4e5f\u4e0d\u719f\u3002</p>\r\n\r\n<ul>\r\n\t<li><strong>\u8d70\u6cd5\u7684\u7528\u8a9e/\u55ae\u5b57</strong><strong>:&nbsp;</strong></li>\r\n</ul>\r\n\r\n<p>1. go straight \u76f4\u8d70<br />\r\n2. go past \u901a\u904e<br />\r\n3. cross \u8de8\u904e<br />\r\n4. direction \u65b9\u5411<br />\r\n5. keep going \u4e00\u76f4\u5f80\u524d<br />\r\n6. landmark \u8def\u6a19\u3001\u5730\u6a19<br />\r\n7. on the right \u5728\u53f3\u908a<br />\r\n8. on the left \u5728\u5de6\u908a<br />\r\n9. turn right \u5f80\u53f3\u8f49<br />\r\n10. turn left \u5f80\u5de6\u8f49</p>\r\n\r\n<p>&nbsp;</p>\r\n\r\n<p>&nbsp;</p>\r\n\r\n<h2>\u300a<strong>\u642d\u8a08\u7a0b\u8eca\u7bc7:</strong>\u300b</h2>\r\n\r\n<p>&nbsp;</p>\r\n\r\n<ul>\r\n\t<li><strong>\u5fc5\u5b78\u53e5\u5b50:</strong></li>\r\n</ul>\r\n\r\n<p>1. Could you call a taxi for me, please?<br />\r\n\u53ef\u4ee5\u5e6b\u6211\u53eb\u8a08\u7a0b\u8eca\u55ce?</p>\r\n\r\n<p>2. Could you send a taxi to XXX (address)?<br />\r\n\u53ef\u4ee5\u5e6b\u6211\u53eb\u8f1b\u8a08\u7a0b\u8eca\u5230XXX(\u5730\u5740)\u55ce?</p>\r\n\r\n<p>3. Could you take me to XXX (Location/address), please?<br />\r\n\u9ebb\u7169\u8acb\u5230XXX(\u5730\u9ede/\u5730\u5740)\u3002</p>\r\n\r\n<p>4. Please take me to this address.<br />\r\n\u8acb\u8f09\u6211\u5230\u9019\u500b\u5730\u5740\u3002</p>\r\n\r\n<p>5. Stay on XXX Road/Avenue/Street, please.<br />\r\n\u8acb\u8d70 XXX \u8def/\u5927\u9053/\u8857\u3002</p>\r\n\r\n<p>6. Go along XXX (Road/Avenue/Street), please.<br />\r\n\u8acb\u6cbf\u8457XXX(\u8def/\u5927\u9053/\u8857)\u8d70\u3002</p>\r\n\r\n<p>7. Please hurry. I&rsquo;m in a rush.<br />\r\n\u9ebb\u7169\u8acb\u958b\u5feb\u4e00\u9ede\u3002\u6211\u8d95\u6642\u9593\u3002</p>\r\n\r\n<p>8. Drop me off in front of 7-11, please.<br />\r\n\u8acb\u57287-11\u524d\u9762\u8b93\u6211\u4e0b\u8eca\u3002</p>\r\n\r\n<p>9. Please let me off at the next corner.<br />\r\n\u6211\u5728\u4e0b\u500b\u8f49\u89d2\u4e0b\u8eca\u3002</p>\r\n\r\n<p>10. Take a shortcut, please.<br />\r\n\u8acb\u6284\u8fd1\u8def\u3002</p>\r\n\r\n<p>11. How much will it cost to XXX (Location)?<br />\r\n\u5230XXX(\u5730\u9ede)\u8981\u591a\u5c11\u9322?</p>\r\n\r\n<p>12. How long will it take?<br />\r\n\u8981\u82b1\u591a\u5c11\u6642\u9593\u5462?</p>\r\n\r\n<p>13. What&rsquo;s the fare?<br />\r\n\u8eca\u8cc7\u591a\u5c11?</p>\r\n\r\n<p>14. Keep the change.<br />\r\n\u4e0d\u7528\u627e\u4e86<br />\r\n*\u5728\u7f8e\u570b\u642d\u8a08\u7a0b\u8eca\u5728\u4e0b\u8eca\u6642\u8981\u7d66\u5927\u7d0415%\u7684\u5c0f\u8cbb\u3002\u6709\u627e\u96f6\u6642\uff0c\u5c07\u627e\u9322\u7576\u4f5c\u5c0f\u8cbb\u5c31\u53ef\u4ee5\u8aaaKeep the change\u3002</p>\r\n\r\n<ul>\r\n\t<li><strong>\u4ea4\u901a\u7528\u8a9e/</strong><strong>\u55ae\u5b57:</strong></li>\r\n</ul>\r\n\r\n<p>1. taxi/cab\u8a08\u7a0b\u8eca<br />\r\n2. airport limousine/airport bus/airport shuttle bus/airport shuttle&nbsp;\u6a5f\u5834\u5df4\u58eb<br />\r\n3. fare\u8eca\u8cbb<br />\r\n4. shortcut \u8fd1\u8def<br />\r\n5. traffic jam \u585e\u8eca<br />\r\n6. catch \u8d95\u8eca/\u98db\u6a5f<br />\r\n*ex: I have a plane to catch. \u6211\u6709\u500b\u73ed\u6a5f\u8981\u8d95\u3002<br />\r\n&nbsp; &nbsp; &nbsp; &nbsp;I need to catch a 10 am bus. \u6211\u5f97\u8d95\u65e9\u4e0a10\u9ede\u7684\u516c\u8eca\u3002<br />\r\n7. get on/board \u4e0a\u8eca<br />\r\n*ex: We have to get on the car now. \u6211\u5011\u73fe\u5728\u5f97\u8981\u4e0a\u8eca\u4e86\u3002<br />\r\n&nbsp; &nbsp; &nbsp; &nbsp;The passengers boarded the plane at 9 a . m . &nbsp; \u65c5\u5ba2\u5011\u5728\u65e9\u4e0a\u4e5d\u9ede\u6642\u767b\u4e0a\u98db\u6a5f\u3002<br />\r\n8. get off \u4e0b\u8eca</p>", "level": 3, "owner": 1, "start_date": "2018-12-05", "due_date": "2018-12-05", "status": 2, "process_rate": 0, "belong_to": null, "file_list": "", "project": 2, "estimate_time": 0, "create_at": "2018-12-05T07:36:58.504Z", "create_by": 1, "update_at": "2018-12-10T09:29:37.527Z", "update_by": 1}}, {"model": "requests.request", "pk": 17, "fields": {"request_no": "PMS20181205R002", "title": "\u9910\u5ef3\u7bc7", "desc": "", "level": 3, "owner": 1, "start_date": "2018-12-05", "due_date": "2018-12-05", "status": 2, "process_rate": 0, "belong_to": null, "file_list": "", "project": 2, "estimate_time": 0, "create_at": "2018-12-05T07:37:42.051Z", "create_by": 1, "update_at": "2018-12-10T09:32:15.064Z", "update_by": 1}}, {"model": "requests.request", "pk": 18, "fields": {"request_no": "PMS20181205R003", "title": "\u8cfc\u7269\u7bc7", "desc": "", "level": 3, "owner": 1, "start_date": "2018-12-05", "due_date": "2018-12-05", "status": 1, "process_rate": 0, "belong_to": null, "file_list": "", "project": 2, "estimate_time": 0, "create_at": "2018-12-05T07:38:08.266Z", "create_by": 1, "update_at": "2018-12-05T07:38:08.266Z", "update_by": 1}}, {"model": "requests.request", "pk": 19, "fields": {"request_no": "PMS20181205R004", "title": "\u628a\u59b9\u7bc7", "desc": "<h4><iframe allow=\";\" allowfullscreen=\"\" frameborder=\"0\" height=\"360\" src=\"https://www.youtube.com/embed/sL9KlR8rCXs\" width=\"640\"></iframe></h4>\r\n\r\n<h4>&nbsp;</h4>\r\n\r\n<h4><strong>\u8b93\u6211\u5011\u4f86\u770b\u770b\u591c\u751f\u6d3b\u5fc5\u61c2\u55ae\u5b57\uff1a</strong></h4>\r\n\r\n<p><strong>Bar</strong>&nbsp;\u9152\u5427 (\u591a\u70ba\u7f8e\u570b\u4eba\u7528)<br />\r\n<strong>Pub</strong>&nbsp;\u9152\u5427(\u591a\u70ba\u82f1\u570b\u4eba\u3001\u611b\u723e\u862d\u4eba\u7528<br />\r\n<strong>Club</strong>&nbsp;\u591c\u5e97<br />\r\n<strong>Dance floor</strong>&nbsp;\u821e\u6c60<br />\r\n<strong>Private booth</strong>&nbsp;\u79c1\u4eba\u5305\u5ec2<br />\r\n<strong>Bartender</strong>&nbsp;\u9152\u4fdd\u3001\u8abf\u9152\u5e2b<br />\r\n<strong>Stage</strong>&nbsp;\u821e\u53f0<br />\r\n<strong>Sober</strong>&nbsp;\u6e05\u9192\u7684\u3001\u672a\u9189\u7684<br />\r\n<strong>Potent</strong>&nbsp;\u70c8\u7684\u3001\u5f8c\u52c1\u5f37\u7684<br />\r\n<strong>Intoxication / To be intoxicated</strong>&nbsp;\u559d\u9189 (=<strong>drunk, drucken</strong>)<br />\r\n<strong>drunkard</strong>&nbsp;\u9152\u9b3c\u3001\u9189\u6f22<br />\r\n<strong>alcoholic</strong>&nbsp;\u540d\u8a5e\u7528\u5373\u70ba\u9157\u9152\u8005\u3001\u9152\u9b3c\u3001\u9152\u7cbe\u4e2d\u6bd2 (\u8907\u6578\u6642\u8868\u793a\u9152\u7cbe\u6027\u98f2\u6599)</p>\r\n\r\n<h4>&nbsp;</h4>\r\n\r\n<h4><strong>Introduce yourself \u4ecb\u7d39\u81ea\u5df1</strong></h4>\r\n\r\n<p>\u9019\u662f\u958b\u59cb\u5c0d\u8a71\u7684\u6700\u76f4\u63a5\u7684\u65b9\u6cd5\uff0c\u4f46\u9019\u9700\u8981\u5148\u57f9\u990a\u4fe1\u5fc3\u3002\u900f\u904e\u7d66\u4e88\u5c0d\u65b9\u81ea\u5df1\u7684\u8cc7\u8a0a\uff0c\u800c\u4e0d\u662f\u53ea\u544a\u8a34\u5c0d\u65b9\u540d\u5b57\uff0c\u6703\u4f7f\u5225\u4eba\u66f4\u5bb9\u6613\u8a18\u5f97\u4f60\u3002\u4f8b\u5982\uff0c\u4f60\u53ef\u4ee5\u89e3\u91cb\u4e00\u4e0b\u4f60\u662f\u5982\u4f55\u8a8d\u8b58\u8209\u8fa6\u9019\u500b\u6d3b\u52d5\u7684\u4eba\uff0c\u6216\u8005\u4f60\u70ba\u4ec0\u9ebc\u6703\u51fa\u5e2d\u9019\u500b\u6d3b\u52d5\uff0c\u9019\u53ef\u4f7f\u5c0d\u65b9\u5411\u4f60\u63d0\u51fa\u554f\u984c\uff0c\u6216\u8005\u63d0\u4f9b\u4e00\u4e9b\u95dc\u65bc\u4ed6\u5011\u81ea\u5df1\u7684\u8cc7\u8a0a\u3002</p>\r\n\r\n<h4>&nbsp;</h4>\r\n\r\n<h4><strong>Comment on the surroundings \u8ac7\u8ac7\u5468\u570d\u7684\u74b0\u5883</strong></h4>\r\n\r\n<p>\u5982\u679c\u4f60\u548c\u67d0\u4eba\u9762\u5c0d\u9762\u4ea4\u8ac7\uff0c\u4f60\u5011\u90fd\u662f\u8655\u65bc\u76f8\u540c\u7684\u74b0\u5883\u4e2d\uff0c\u6240\u4ee5\u53ef\u4ee5\u8ac7\u8ad6\u4e00\u4e0b\u98df\u7269\u6216\u5468\u570d\u74b0\u5883\u7b49\uff0c\u56e0\u70ba\u9019\u500b\u8a71\u984c\u662f\u4f60\u5011\u96d9\u65b9\u53ef\u4ee5\u5171\u540c\u5206\u4eab\u7684\u3002</p>\r\n\r\n<pre>\r\n<code>Find something in common \u627e\u5230\u5f7c\u6b64\u5171\u540c\u9ede</code></pre>\r\n\r\n<p>\u5373\u4f7f\u4f60\u5c0d\u65b0\u8a8d\u8b58\u7684\u4eba\u4e00\u9ede\u4e5f\u4e0d\u4e86\u89e3\uff0c\u4f46\u9084\u662f\u53ef\u4ee5\u8a66\u8457\u8a62\u554f\uff1a</p>\r\n\r\n<pre>\r\n<code>What brings you here?</code></pre>\r\n\r\n<p>\u4f86\u77ad\u89e3\u70ba\u4ec0\u9ebc\u4ed6\u5011\u6703\u4f86\u53c3\u52a0\u9019\u500b\u6d3b\u52d5\uff0c\u6216\u8005\uff1a</p>\r\n\r\n<pre>\r\n<code>How do you know the host?</code></pre>\r\n\r\n<p>\u4f86\u77ad\u89e3\u4e00\u4e0b\u4f60\u5011\u5982\u4f55\u8a8d\u8b58\u4e00\u4f4d\u5171\u540c\u7684\u670b\u53cb\u3002</p>\r\n\r\n<p>&nbsp;</p>\r\n\r\n<h4><strong>Give a compliment \u8b9a\u7f8e\u5225\u4eba</strong></h4>\r\n\r\n<p>\u6bcf\u500b\u4eba\u90fd\u559c\u6b61\u807d\u5230\u95dc\u65bc\u4ed6\u5011\u7684\u597d\u8a71\uff0c\u5c0d\u8863\u670d\u6216\u914d\u4ef6\u8868\u9054\u610f\u898b\u662f\u958b\u59cb\u5c0d\u8a71\u7684\u597d\u65b9\u6cd5\u3002\u4f8b\u5982\uff0c\u4f60\u53ef\u4ee5\u8aaa\uff1a</p>\r\n\r\n<pre>\r\n<code>Those shoes look great !</code></pre>\r\n\r\n<p>\u4e26\u63a5\u8457\u8aaa\uff1a</p>\r\n\r\n<pre>\r\n<code>Where did you get them?</code></pre>\r\n\r\n<p>\u9019\u6a23\u7684\u554f\u984c\u662f\u5f88\u597d\u7684\u958b\u59cb\uff0c\u56e0\u70ba\u9019\u4e9b\u8a71\u6703\u8b93\u5c0d\u65b9\u9858\u610f\u544a\u8a34\u4f60\u66f4\u591a\u95dc\u65bc\u4ed6\u5011\u81ea\u5df1\u7684\u8cc7\u8a0a\u3002\u4f46\u8acb\u6ce8\u610f\uff0c\u5343\u842c\u4e0d\u8981\u8a55\u8ad6\u5225\u4eba\u7684\u9ad4\u578b\u3002\u8eab\u9ad4\u662f\u4e00\u500b\u654f\u611f\u7684\u8a71\u984c\uff0c\u53ef\u80fd\u6703\u5192\u72af\u4e86\u5225\u4eba\u3002</p>\r\n\r\n<p>&nbsp;</p>\r\n\r\n<h4><strong>Ask a question \u8a62\u554f\u5c0d\u65b9\u554f\u984c</strong></h4>\r\n\r\n<p>\u5f88\u591a\u4eba\u90fd\u6709\u5de5\u4f5c\uff0c\u6240\u4ee5\u4e5f\u53ef\u4ee5\u8a66\u8457\u554f\u5c0d\u65b9\u95dc\u65bc\u5de5\u4f5c\u7684\u4e8b\u3002\u4f8b\u5982\uff1a</p>\r\n\r\n<pre>\r\n<code>What do you do for a living?</code></pre>\r\n\r\n<p>\u6216\u8005</p>\r\n\r\n<pre>\r\n<code>Where are you from originally?</code></pre>\r\n\r\n<p>\u8868\u793a\u4f60\u60f3\u77e5\u9053\u4ed6\u5011\u51fa\u751f\u7684\u5730\u65b9\u3002\u800c\u4e14\u8a62\u554f\u5c0d\u65b9\u554f\u984c\u4e5f\u80fd\u8b93\u7b2c\u4e00\u6b21\u7684\u4ea4\u8ac7\u66f4\u5bb9\u6613\u3002\u5982\u679c\u5c0d\u65b9\u662f\u79ae\u8c8c\u7684\uff0c\u4ed6\u5011\u6703\u56de\u554f\u4f60\u554f\u984c\uff0c\u9019\u6703\u7d66\u4f60\u8ac7\u8ad6\u81ea\u5df1\u7684\u6a5f\u6703\u3002\u4ee5\u554f\u554f\u984c\u4f86\u958b\u5c55\u5c0d\u8a71\u662f\u627e\u51fa\u4f60\u5011\u5171\u540c\u611f\u8208\u8da3\u8a71\u984c\u7684\u4e00\u500b\u597d\u65b9\u6cd5\u3002</p>\r\n\r\n<p>&nbsp;</p>\r\n\r\n<p>&nbsp;</p>", "level": 3, "owner": 1, "start_date": "2018-12-05", "due_date": "2018-12-05", "status": 4, "process_rate": 0, "belong_to": null, "file_list": "", "project": 2, "estimate_time": 0, "create_at": "2018-12-05T07:39:04.593Z", "create_by": 1, "update_at": "2018-12-10T09:31:53.477Z", "update_by": 1}}, {"model": "requests.request", "pk": 27, "fields": {"request_no": "PMA20181206R001", "title": "\u6700\u897f\u73ed\u7259\u7684\u83f2\u5f8b\u8cd3\u5c0f\u93ae\uff5e\u53e4\u57ce\u7dad\u7518", "desc": "<p><img alt=\"\" src=\"http://127.0.0.1:8000/media/uploads/requests/2018/12/20180326_810580.jpg\" style=\"height:480px; width:640px\" /></p>\r\n\r\n<p>\u4f4d\u65bc\u83f2\u5f8b\u8cd3\u5442\u5b8b\u5cf6\u5317\u90e8\u7684\u53e4\u57ce\u7dad\u7518(Vigan)\u662f\u5168\u4e9e\u6d32\u4fdd\u5b58\u6700\u5b8c\u597d\u7684\u897f\u73ed\u7259\u6b96\u6c11\u57ce\u5e02\uff0c\u5728\u897f\u51431999\u5e74\u5c31\u5df2\u7d93\u88ab\u806f\u5408\u570b\u6559\u79d1\u6587\u7d44\u7e54\u5217\u5165\u4e16\u754c\u6587\u5316\u907a\u7522\u540d\u518a\uff0c\u4f46\u5c0d\u53f0\u7063\u904a\u5ba2\u4f86\u8aaa\uff0c\u76f8\u8f03\u65bc\u9577\u7058\u5cf6\u3001\u5bbf\u9727\u7b49\u71b1\u9580\u5ea6\u5047\u53bb\u8655\u4ecd\u7136\u76f8\u5c0d\u964c\u751f\u3002\u9019\u5ea7\u6642\u9593\u5f77\u5f7f\u505c\u683c\u572817\u4e16\u7d00\u7684\u6b50\u98a8\u5c0f\u93ae\uff0c\u81f3\u4eca\u4ecd\u8655\u8655\u53ef\u898b\u5b83\u66fe\u7d93\u8eab\u70ba\u5927\u822a\u6d77\u6642\u4ee3\u7684\u897f\u73ed\u7259\u738b\u57ce\u7684\u6b77\u53f2\u5370\u8a18\uff0c\u5176\u5be6\u4e5f\u662f\u76f8\u7576\u5177\u6709\u7279\u8272\u3001\u4e5f\u503c\u5f97\u4e00\u904a\u7684\u6587\u5316\u53e4\u57ce\u3002<br />\r\n<br />\r\n\u7dad\u7518\u662f\u897f\u73ed\u7259\u5728\u83f2\u5f8b\u8cd3\u6700\u65e9\u5efa\u7acb\u7684\u6b96\u6c11\u5730\u4e4b\u4e00\uff0c\u897f\u51431572\u5e74\u7531\u7e3d\u7763\u85a9\u723e\u585e\u5fb7\uff08Juan de Salcedo\uff09\u4e0b\u4ee4\u4eff\u9020\u99ac\u5c3c\u62c9\u738b\u57ce\u7684\u8a2d\u8a08\u5efa\u9020\uff0c\u843d\u6210\u5f8c\u6210\u70ba\u65b0\u585e\u6208\u7dad\u4e9e\u5927\u4e3b\u6559\u5340\uff08Archdiocese of Nueva Segovia\uff09\u7684\u6240\u5728\u5730\uff0c\u4e26\u88ab\u7a31\u70ba\u8cbb\u8fea\u5357\u5fb7\u57ce\uff08Ciudad Fernandina\uff09\u4ee5\u7d00\u5ff5\u8cbb\u8fea\u5357\u5fb7\u570b\u738b\u3002<br />\r\n<br />\r\n\u7576\u6642\u7684\u7dad\u7518\u7531\u65bc\u4f4d\u65bc\u4e9e\u4f2f\u62c9\u6cb3\uff08Abra River\uff09\u6cb3\u53e3\u4e14\u53c8\u6ff1\u81e8\u8457\u5357\u4e2d\u570b\u6d77\u7684\u7d55\u4f73\u5730\u7406\u4f4d\u7f6e\u800c\u6210\u70ba\u6d77\u4e0a\u7d72\u8def\u7684\u91cd\u93ae\uff0c\u8207\u4e9e\u6d32\u5404\u570b\u3001\u963f\u62c9\u4f2f\u751a\u81f3\u6b50\u6d32\u570b\u5bb6\u90fd\u6709\u5bc6\u5207\u7684\u5f80\u4f86\u3002\u897f\u73ed\u7259\u4eba\u4f54\u9818\u5f8c\uff0c\u66f4\u4ee5\u6b64\u70ba\u64da\u9ede\uff0c\u958b\u59cb\u5927\u8209\u79fb\u6c11\uff0c\u4e26\u4e14\u5f9e\u4e8b\u5404\u7a2e\u5546\u696d\u3001\u653f\u6cbb\u548c\u50b3\u6559\u6d3b\u52d5\uff0c\u7dad\u7518\u4e5f\u56e0\u6210\u70ba\u5442\u5b8b\u5cf6\u5317\u90e8\u7684\u653f\u7d93\u53ca\u5b97\u6559\u6587\u5316\u4e2d\u5fc3\u800c\u66f4\u52a0\u8208\u76db\u7e41\u69ae\u3002\u76f4\u5230\u4eca\u5929\uff0c\u7dad\u7518\u5e02\u5340\u4ecd\u4fdd\u6709\u8a31\u591a\u53e4\u8272\u53e4\u9999\u768418\u4e16\u7d00\u5361\u65af\u8482\u5229\u4e9e\u5efa\u7bc9\u7279\u8272\u4ee5\u53ca\u878d\u5408\u4e86\u4e2d\u570b\u3001\u83f2\u5f8b\u8cd3\u548c\u6771\u5357\u4e9e\u5176\u4ed6\u570b\u5bb6\u7684\u5efa\u7bc9\u5143\u7d20\u7684\u6b96\u6c11\u5730\u98a8\u683c\u5efa\u7bc9\u3002<br />\r\n<br />\r\n\u5728\u7dad\u7518\u53e4\u57ce\u7684\u83ab\u65af\u63d0\u5de6\u5340\uff08Mestizo District\uff09\u4fdd\u6709\u6700\u591a\u897f\u73ed\u7259\u6b96\u6c11\u6642\u671f\u7684\u77f3\u9020\u5efa\u7bc9\uff0c\u7e3d\u6578\u7d04\u9054150\u68df\uff0c\u5176\u4e2d\u6709\u4e0d\u5c11\u6614\u65e5\u653f\u5546\u540d\u6d41\u5c45\u4f4f\u7684\u5b98\u90b8\u548c\u6c11\u5b85\u81f3\u4eca\u4f9d\u820a\u4fdd\u6301\u826f\u597d\u72c0\u614b\uff0c\u6709\u4e9b\u5df2\u7d93\u8b8a\u6210\u91cd\u73fe\u5f80\u65e5\u751f\u6d3b\u5834\u666f\u7684\u535a\u7269\u9928\uff0c\u6709\u4e9b\u5247\u6539\u5efa\u6210\u61f7\u820a\u7684\u6eab\u99a8\u65c5\u9928\u548c\u8ca9\u8ce3\u53e4\u8463\u548c\u5404\u7a2e\u7d00\u5ff5\u54c1\u7684\u5e97\u5bb6\u3002<br />\r\n<br />\r\n\u53e4\u57ce\u5167\u9084\u6709\u4e00\u689d\u53ea\u4f9b\u884c\u4eba\u548c\u99ac\u8eca\u884c\u99db\u7684\u77f3\u780c\u8001\u8857\uff0c\u653e\u773c\u6240\u53ca\uff0c\u8857\u9053\u5169\u65c1\u5168\u90fd\u662f\u6b96\u6c11\u5730\u6642\u671f\u7684\u6d0b\u6a13\u548c\u6559\u5802\uff0c\u96fb\u5f71\u822c\u7684\u4e2d\u4e16\u7d00\u6b50\u6d32\u5834\u666f\u4ee4\u4eba\u4e0d\u7531\u5f97\u6709\u7a2e\u8aa4\u5165\u6642\u5149\u96a7\u9053\u7684\u932f\u89ba\u3002<br />\r\n<br />\r\n\u8001\u8857\u76e1\u982d\u77d7\u7acb\u8457\u4e00\u5ea7\u96c4\u5049\u6559\u5802\u662f\u7531\u5967\u53e4\u65af\u4e01\u4fee\u9053\u6703\u5efa\u9020\u7684\u8056\u4fdd\u7f85\u5927\u6559\u5802\uff08St. Paul&#39;s Cathedral\uff09\uff0c\u5efa\u7bc9\u6cbf\u7528\u4f0a\u7f85\u6208\u65af(Ilocos)\u5730\u5340\u7368\u7279\u7684&ldquo;\u5730\u9707\u5df4\u6d1b\u514b\u5f0f&rdquo;\u98a8\u683c\u5efa\u9020\uff0c\u65b0\u6b4c\u5fb7\u5f0f\u548c\u4eff\u7f85\u99ac\u5f0f\u88dd\u98fe\u5716\u9a30\u70ba\u5176\u6700\u5927\u7279\u8272\u3002<br />\r\n<br />\r\n\u5927\u4e3b\u6559\u5bae\uff08The Archbishop&#39;s Palace)\u548c\u5e03\u723e\u6208\u65af\u5ee3\u5834\uff08Plaza Burgos\uff09\u4e5f\u90fd\u662f\u904a\u5ba2\u7d93\u5e38\u9020\u8a2a\u7684\u666f\u9ede\uff0c\u524d\u8005\u662f\u4f0a\u7f85\u6208\u65af\u5730\u5340\u8c50\u5bcc\u7684\u5b97\u6559\u6587\u7269\u8cc7\u6599\u5eab\uff0c\u5f8c\u8005\u5247\u662f\u70ba\u4e86\u7d00\u5ff5\u83f2\u5f8b\u8cd3\u795e\u7236\u4f55\u585e&middot;\u5e03\u723e\u6208\u65af\uff08Fr. Jose Burgos\uff09\u800c\u5efa\u9020\u7684\u3002\u5e03\u723e\u6208\u65af\u548c\u5176\u4ed6\u5169\u4f4d\u540c\u70ba\u83f2\u5f8b\u8cd3\u88d4\u7684\u795e\u7236\uff0c\u56e0\u81f4\u529b\u6559\u6703\u6539\u9769\u800c\u53d7\u5230\u897f\u73ed\u7259\u6b96\u6c11\u653f\u5e9c\u7684\u63a8\u5d07\u3002<br />\r\n<br />\r\n\u8056\u4fdd\u7f85\u5927\u6559\u5802\u897f\u5074\u7684\u585e\u723e\u585e\u591a\uff08Plaza Salcedo\uff09\u5ee3\u5834\u662f\u5442\u5b8b\u5cf6\u5317\u90e8\u6700\u53e4\u8001\u7684\u6b96\u6c11\u6642\u671f\u907a\u5740\u3002\u8a31\u591a\u904a\u5ba2\u559c\u6b61\u5148\u5728\u9019\u88e1\u642d\u4e58\u61f7\u820a\u99ac\u8eca\uff0c\u5728\u5660\u5660\u99ac\u8e44\u8072\u4e2d\uff0c\u628a\u53e4\u57ce\u5167\u5916\u90fd\u7e5e\u884c\u4e00\u5708\u5f8c\u518d\u56de\u5230\u8001\u8857\u5b89\u6b65\u7576\u8eca\uff0c\u4ed4\u7d30\u6b23\u8cde\u9019\u5ea7\u5217\u540d\u4e16\u754c\u6587\u5316\u907a\u7522\u57ce\u93ae\u7684\u8ff7\u4eba\u98a8\u91c7\u3002</p>", "level": 3, "owner": 1, "start_date": "2018-12-06", "due_date": "2018-12-06", "status": 1, "process_rate": 0, "belong_to": null, "file_list": "", "project": 3, "estimate_time": 0, "create_at": "2018-12-06T08:52:28.940Z", "create_by": 1, "update_at": "2018-12-06T09:15:56.963Z", "update_by": 1}}, {"model": "requests.request", "pk": 29, "fields": {"request_no": "PMS20181206R005", "title": "\u9ede\u9910\u82f1\u6587\u5be6\u7528\u5927\u5168\uff015\u5927\u9910\u5ef3\u60c5\u5883\u82f1\u6587\uff0c\u8b93\u4f60\u5403\u98ef\u4e0d\u6210\u554f\u984c\uff01", "desc": "<p>\u4e00\u4eba\u7368\u65c5\u82f1\u8a9e\u7cfb\u570b\u5bb6\uff0c\u8a8d\u8b58\u65b0\u670b\u53cb\u96e3\u514d\u9700\u8981\u9760\u98ef\u5c40\u62c9\u8fd1\u5f7c\u6b64\u95dc\u4fc2\uff0c\u9ede\u9910\u82f1\u6587\u6703\u8a71\u77ac\u9593\u8b8a\u6210\u5fc5\u5099\u80fd\u529b\u3002\u770b\u4f3c\u7c21\u55ae\u7684\u9ede\u9910\u82f1\u6587\uff0c\u61c9\u5c0d\u8d77\u4f86\u9084\u771f\u6709\u8a31\u591a\u5e73\u5e38\u6c92\u6ce8\u610f\u5230\u7684\u53e5\u578b\uff0c\u4ee5\u4e0b\u900f\u904e\u9910\u5ef3\u7528\u9910\u76845\u5927\u60c5\u5883\uff0c\u5e36\u5927\u5bb6\u719f\u6089\u9ede\u9910\u82f1\u6587\u7684\u5be6\u7528\u53e5\u578b\u3002</p>\r\n\r\n<p>\u9996\u5148\uff0c\u4f86\u8a8d\u8b58\u4e00\u4e9b\u5728\u9ede\u9910\u548c\u7528\u9910\u904e\u7a0b\u4e2d\u5e38\u6703\u7528\u5230\u7684\u82f1\u6587\u55ae\u5b57\u3002</p>\r\n\r\n<p>\u9ede\u9910\u82f1\u6587\u5e38\u7528\u55ae\u5b57</p>\r\n\r\n<p>Reservation \u8a02\u4f4d&nbsp;<br />\r\nMenu \u83dc\u55ae&nbsp;<br />\r\nOrder \u9ede\u9910&nbsp;<br />\r\nVegan \u5168\u7d20&nbsp;<br />\r\nVegetarian \u86cb\u5976\u7d20\u8005&nbsp;<br />\r\nFor here \u5167\u7528&nbsp;<br />\r\nTo go \u5916\u5e36<br />\r\nServer \u670d\u52d9\u751f&nbsp;<br />\r\nAppetizer \u958b\u80c3\u83dc&nbsp;<br />\r\nMain dish \u4e3b\u9910&nbsp;<br />\r\nDessert \u751c\u9ede&nbsp;<br />\r\nBeverage \u98f2\u6599&nbsp;<br />\r\nSoup \u6e6f&nbsp;<br />\r\nSpoon \u6e6f\u5319<br />\r\nChopsticks \u7b77\u5b50<br />\r\nFork \u53c9\u5b50&nbsp;<br />\r\nKnife \u5200\u5b50&nbsp;<br />\r\nDish \u7897\u76e4&nbsp;<br />\r\nCup \u676f\u5b50&nbsp;<br />\r\nNapkin \u7d19\u5dfe&nbsp;<br />\r\nCheck \u8cb7\u55ae</p>\r\n\r\n<p>\u63a5\u8457\uff0c\u4f86\u770b\u770b\u9910\u5ef3\u7528\u9910\u76845\u5927\u60c5\u5883\u82f1\u6587\u6703\u8a71\u53ef\u4ee5\u600e\u9ebc\u8aaa\u3002</p>\r\n\r\n<p>\u9ede\u9910\u82f1\u6587\u60c5\u58831\uff0d\u96fb\u8a71\u8a02\u4f4d</p>\r\n\r\n<p>Server\uff1aOOO restaurant. May I help you?&nbsp;<br />\r\n\u670d\uff1a\u9019\u88e1\u662fOOO\u9910\u5ef3\uff0c\u8acb\u554f\u6709\u4ec0\u9ebc\u6211\u80fd\u5e6b\u5fd9\u7684\u55ce\uff1f&nbsp;<br />\r\nGuests\uff1aHi, I&#39;d like to make a reservation for five at 7:00 p.m. for next Tuesday.&nbsp;<br />\r\n\u5ba2\uff1a\u60a8\u597d\uff0c\u6211\u8981\u9810\u7d04\u4e0b\u9031\u4e8c\u665a\u4e0a\u4e03\u9ede\uff0c\u7e3d\u51715\u4f4d\u3002&nbsp;<br />\r\nServer\uff1aOk. May I have your surname and phone number?&nbsp;<br />\r\n\u670d\uff1a\u597d\u7684\uff0c\u8acb\u554f\u60a8\u8cb4\u59d3\u548c\u96fb\u8a71\u865f\u78bc\u662f\u591a\u5c11\uff1f&nbsp;<br />\r\nGuests\uff1aMy surname is Tang, and my phone number is 0955-677-100.&nbsp;<br />\r\n\u5ba2\uff1a\u655d\u59d3\u5510\uff0c\u96fb\u8a71\u865f\u78bc\u662f0955-677-100\u3002&nbsp;<br />\r\nServer\uff1aOk, Mr. Tang, your reservation has been confirmed. Thanks for calling.&nbsp;<br />\r\n\u670d\uff1a\u597d\u7684\uff0c\u5510\u5148\u751f\uff0c\u60a8\u7684\u9810\u8a02\u5b8c\u6210\uff0c\u611f\u8b1d\u60a8\u7684\u4f86\u96fb\u3002&nbsp;<br />\r\nGuests\uff1aOk, thank you!&nbsp;<br />\r\n\u5ba2\uff1a\u597d\u7684\uff0c\u8b1d\u8b1d\uff01</p>\r\n\r\n<h2>\u3010\u91cd\u9ede\u53e5\u578b\u3011\u9ede\u9910\u82f1\u6587\u60c5\u58831\uff0d\u96fb\u8a71\u8a02\u4f4d</h2>\r\n\r\n<p>\u4e2d\uff1a\u6211\u8981\u9810\u7d04&nbsp;\u54ea\u4e00\u5929&nbsp;\u6642\u9593\uff0c\u7e3d\u5171&nbsp;\u4eba\u6578&nbsp;\u4f4d\u3002&nbsp;<br />\r\n\u82f1\uff1aI&#39;d like to make a reservation for&nbsp;\u4eba\u6578&nbsp;at&nbsp;\u6642\u9593&nbsp;for&nbsp;\u54ea\u4e00\u5929.&nbsp;<br />\r\n\u4f8b\uff1a\u6211\u8981\u9810\u7d048\u670823\u65e5\u665a\u4e0a6\u9ede\uff0c\u7e3d\u51712\u4f4d\u3002&nbsp;<br />\r\n&rarr; I&#39;d like to make a reservation for two at 6:00 p.m. for August 23.</p>\r\n\r\n<p>\u9ede\u9910\u82f1\u6587\u60c5\u58832\uff0d\u9032\u5165\u9910\u5ef3</p>\r\n\r\n<p>Server\uff1aWelcome, do you have a reservation?&nbsp;<br />\r\n\u670d\uff1a\u6b61\u8fce\u5149\u81e8\uff0c\u8acb\u554f\u6709\u8a02\u4f4d\u55ce\uff1f&nbsp;<br />\r\nGuests\uff1aYes, I&#39;m Mr. Tang, who made the reservation last Friday night.&nbsp;<br />\r\n\u5ba2\uff1a\u6709\uff0c\u6211\u662f\u4e0a\u9031\u4e94\u6709\u6253\u96fb\u8a71\u8a02\u4f4d\u7684\u5510\u5148\u751f\u3002&nbsp;<br />\r\nServer\uff1aReservation for five at 7:00 p.m. right?&nbsp;<br />\r\n\u670d\uff1a\u8acb\u554f\u662f\u8a02\u665a\u4e0a\u4e03\u9ede\u4e94\u4f4d\u5c0d\u55ce\uff1f&nbsp;<br />\r\nGuests\uff1aYes.&nbsp;<br />\r\n\u5ba2\uff1a\u662f\u7684\u3002&nbsp;<br />\r\nServer\uff1aOk, this way please.&nbsp;<br />\r\n\u670d\uff1a\u597d\u7684\uff0c\u9019\u908a\u8acb\u3002</p>\r\n\r\n<h2>\u3010\u88dc\u5145\u53e5\u578b\u3011\u9ede\u9910\u82f1\u6587\u60c5\u58832\uff0d\u9032\u5165\u9910\u5ef3</h2>\r\n\r\n<p>\uff0a\u5982\u679c\u6c92\u6709\u63d0\u65e9\u96fb\u8a71\u8a02\u4f4d\uff0c\u5230\u9910\u5ef3\u6642\u8a72\u600e\u9ebc\u61c9\u5c0d\u5462\uff1f&nbsp;<br />\r\n<br />\r\nServer\uff1aWelcome, do you have a reservation?<br />\r\n\u670d\uff1a\u6b61\u8fce\u5149\u81e8\uff0c\u8acb\u554f\u6709\u8a02\u4f4d\u55ce\uff1f<br />\r\nGuests\uff1aNo. May I have a table for five, please?<br />\r\n\u5ba2\uff1a\u6c92\u6709\uff0c\u53ef\u4ee5\u8acb\u4f60\u7d66\u62115\u500b\u4f4d\u5b50\u55ce\uff1f<br />\r\nServer\uff1aWe&#39;re a bit busy right now. Would you like to wait for 20 minutes?<br />\r\n\u670d\uff1a\u6211\u5011\u73fe\u5728\u6709\u9ede\u7e41\u5fd9\uff0c\u4f60\u9858\u610f\u7b49\u5f8520\u5206\u9418\u55ce\uff1f<br />\r\nGuests\uff1aOk, we can wait.<br />\r\n\u5ba2\uff1a\u597d\u7684\uff0c\u6211\u5011\u53ef\u4ee5\u7b49\u3002<br />\r\n<br />\r\n\uff0a\u91cd\u9ede\u53e5\u578b\uff0a<br />\r\n\u4e2d\uff1a\u53ef\u4ee5\u8acb\u4f60\u7d66\u6211&nbsp;\u5e7e\u500b&nbsp;\u4f4d\u5b50\u55ce\uff1f<br />\r\n\u82f1\uff1aMay I have a table for&nbsp;\u5e7e\u500b, please?</p>\r\n\r\n<p>\u9ede\u9910\u82f1\u6587\u60c5\u58833\uff0d\u9ede\u9910</p>\r\n\r\n<p>Server\uff1aHere is the menu, and I&#39;ll be back when you&#39;re ready to order.&nbsp;<br />\r\n\u670d\uff1a\u9019\u908a\u662f\u83dc\u55ae\uff0c\u4f60\u5011\u8981\u9ede\u9910\u6642\u6211\u6703\u518d\u56de\u4f86\u3002&nbsp;<br />\r\nGuests\uff1aOk, thanks.&nbsp;<br />\r\n\u5ba2\uff1a\u597d\u7684\uff0c\u8b1d\u8b1d\u3002&nbsp;<br />\r\n\uff0d\uff0d\uff0d10\u5206\u9418\u5f8c\uff0d\uff0d\uff0d10 minutes later\uff0d\uff0d\uff0d<br />\r\nGuests\uff1aWe are ready to order.&nbsp;<br />\r\n\u5ba2\uff1a\u6211\u5011\u53ef\u4ee5\u9ede\u9910\u4e86\u3002&nbsp;<br />\r\nServer\uff1aOk.&nbsp;<br />\r\n\u670d\uff1a\u597d\u7684\u3002&nbsp;<br />\r\nGuests\uff1aWe want two combo A, one combo C, two combo E and some french fries.&nbsp;<br />\r\n\u5ba2\uff1a\u6211\u5011\u8981\u5169\u4efdA\u5957\u9910\u3001\u4e00\u4efdC\u5957\u9910\u3001\u5169\u4efdE\u5957\u9910\uff0c\u518d\u55ae\u9ede\u4e00\u4efd\u70b8\u85af\u689d\u3002&nbsp;<br />\r\nServer\uff1aOk. Anything to drink?&nbsp;<br />\r\n\u670d\uff1a\u597d\u7684\uff0c\u8acb\u554f\u98f2\u6599\u9700\u8981\u4ec0\u9ebc\uff1f&nbsp;<br />\r\nGuests\uff1aWell, is there corn chowder?&nbsp;<br />\r\n\u5ba2\uff1a\u55ef\uff0c\u8acb\u554f\u6709\u7389\u7c73\u6fc3\u6e6f\u55ce\uff1f&nbsp;<br />\r\nServer\uff1aYes.&nbsp;<br />\r\n\u670d\uff1a\u6709\u7684\u3002&nbsp;<br />\r\nGuests\uff1aWe want one corn chowder, two hot lattes and an iced juice.&nbsp;<br />\r\n\u5ba2\uff1a\u90a3\u6211\u5011\u8981\u4e00\u7897\u7389\u7c73\u6fc3\u6e6f\u3001\u5169\u676f\u71b1\u62ff\u9435\u548c\u4e00\u676f\u51b0\u679c\u6c41\u3002&nbsp;<br />\r\nServer\uff1aOk, we also have chocolate cake and baked pudding. Would you like some dessert?&nbsp;<br />\r\n\u670d\uff1a\u597d\u7684\uff0c\u751c\u9ede\u7684\u90e8\u5206\u6709\u5de7\u514b\u529b\u86cb\u7cd5\u548c\u70e4\u5e03\u4e01\uff0c\u6709\u9700\u8981\u55ce\uff1f&nbsp;<br />\r\nGuests\uff1aOne baked pudding and two pieces of chocolate cake, please.&nbsp;<br />\r\n\u5ba2\uff1a\u90a3\u4f86\u4e00\u500b\u70e4\u5e03\u4e01\u548c\u5169\u584a\u5de7\u514b\u529b\u86cb\u7cd5\u3002&nbsp;<br />\r\nServer\uff1aSure. The appetizers will be ready soon.&nbsp;<br />\r\n\u670d\uff1a\u597d\u7684\uff0c\u7a0d\u7b49\u70ba\u60a8\u5011\u4e0a\u958b\u80c3\u83dc\u3002</p>\r\n\r\n<h2>\u3010\u91cd\u9ede\u53e5\u578b\u3011\u9ede\u9910\u82f1\u6587\u60c5\u58833\uff0d\u9ede\u9910</h2>\r\n\r\n<p>\u4e2d\uff1a\u6211\u5011\u8981\u5169\u4efdA\u5957\u9910\u3002&nbsp;<br />\r\n\u82f1\uff1aWe want two combo A.&nbsp;<br />\r\n<br />\r\n\uff0a\u9ede\u9910\u6642\u7528Combo\u53ef\u4ee5\u8868\u793a\u300c\u5e7e\u865f\u9910\u300d\uff0a&nbsp;<br />\r\n\u4f8b\u5982\uff1aCombo 5\u548cCombo Number 5\uff0c\u90fd\u662f\u8868\u793a\u89815\u865f\u9910\u7684\u610f\u601d\u3002&nbsp;<br />\r\n<br />\r\n\u4f8b\uff1a\u6211\u8981\u4e09\u4efd10\u865f\u9910\u3002<br />\r\n&rarr; I want three combo 10.\uff0fI want three combo Number 10.</p>\r\n\r\n<h2>\u3010\u88dc\u5145\u53e5\u578b\u3011\u9ede\u9910\u82f1\u6587\u60c5\u58833\uff0d\u9ede\u9910</h2>\r\n\r\n<p>\u9664\u4e86\u76f4\u63a5\u544a\u8a34\u670d\u52d9\u751f\u8981\u5403\u4ec0\u9ebc\uff0c\u9084\u6709\u5176\u4ed6\u9ede\u9910\u82f1\u6587\u53ef\u4ee5\u5e6b\u52a9\u4f60\u5403\u5230\u4e00\u5bb6\u9910\u5ef3\u7684\u7279\u8272\u9910\u9ede\u5594\uff01\u53ef\u4ee5\u554f\u670d\u52d9\u751f\uff1a&nbsp;<br />\r\n<br />\r\n\u4f8b\u53e51\uff1a\u6709\u4ec0\u9ebc\u5efa\u8b70\u55ce\uff1f<br />\r\n&rarr; What do you recommend?<br />\r\n<br />\r\n\u4f8b\u53e52\uff1a\u4eca\u5929\u7684\u7279\u9910\u662f\u4ec0\u9ebc\uff1f<br />\r\n&rarr; What&#39;s today&#39;s special?</p>\r\n\r\n<p>\u9ede\u9910\u82f1\u6587\u60c5\u58834\uff0d\u7528\u9910</p>\r\n\r\n<p>Guests\uff1aServer, can you give us two more forks?&nbsp;<br />\r\n\u5ba2\uff1a\u670d\u52d9\u54e1\uff0c\u8acb\u554f\u53ef\u4ee5\u591a\u7d66\u6211\u5011\u5169\u652f\u53c9\u5b50\u55ce\uff1f&nbsp;<br />\r\nServer\uff1aNo problem, anything else?&nbsp;<br />\r\n\u670d\uff1a\u6c92\u554f\u984c\uff0c\u9084\u6709\u5176\u4ed6\u9700\u8981\u55ce\uff1f&nbsp;<br />\r\nGuests\uff1aIt has been half an hour since we ordered, and two meals hasn&#39;t come yet. Please check it out.<br />\r\n\u5ba2\uff1a\u6211\u5011\u9ede\u5b8c\u9910\u5f8c\u5df2\u7d93\u7b49\u4e86\u534a\u5c0f\u6642\uff0c\u9084\u6709\u5169\u6a23\u4e3b\u9910\u6c92\u4f86\uff0c\u8acb\u4f60\u5e6b\u6211\u5011\u78ba\u8a8d\u4e00\u4e0b\u3002&nbsp;<br />\r\nServer\uff1aOk, sorry to keep you waiting so long.&nbsp;<br />\r\n\u670d\uff1a\u597d\u7684\uff0c\u62b1\u6b49\u8b93\u60a8\u4e45\u7b49\u4e86\u3002</p>\r\n\r\n<h2>\u3010\u91cd\u9ede\u53e5\u578b\u3011\u9ede\u9910\u82f1\u6587\u60c5\u58834\uff0d\u7528\u9910</h2>\r\n\r\n<p>\u4e2d\uff1a\u6211\u5011\u9ede\u5b8c\u9910\u5f8c\u5df2\u7d93\u7b49\u4e86&nbsp;\u591a\u4e45\u3002&nbsp;<br />\r\n\u82f1\uff1aIt has been&nbsp;\u591a\u4e45&nbsp;since we ordered.&nbsp;<br />\r\n<br />\r\n\u4f8b\uff1a\u6211\u5011\u9ede\u5b8c\u9910\u5f8c\u5df2\u7d93\u7b49\u4e86\u5feb\u4e00\u5c0f\u6642\uff0c\u6211\u5011\u6c92\u6642\u9593\u7b49\u4e86\uff0c\u9ebb\u7169\u4f60\u53d6\u6d88\u6211\u5011\u7684\u8a02\u55ae\u3002<br />\r\n&rarr; It has been almost an hour since we ordered, and we don&#39;t have time to wait anymore, please cancel our order.</p>\r\n\r\n<p>\u9ede\u9910\u82f1\u6587\u60c5\u58835\uff0d\u7d50\u5e33</p>\r\n\r\n<p>Guests\uff1aServer, check please.<br />\r\n\u5ba2\uff1a\u670d\u52d9\u54e1\uff0c\u6211\u5011\u8981\u8cb7\u55ae\u3002&nbsp;<br />\r\nServer\uff1aOk, your total comes to 20 dollars.<br />\r\n\u670d\uff1a\u597d\u7684\uff0c\u60a8\u4eca\u5929\u7684\u6d88\u8cbb\u91d1\u984d\u7e3d\u5171\u662f20\u7f8e\u5143\u3002<br />\r\nGuests\uff1aCan you give me my change?<br />\r\n\u5ba2\uff1a\u8acb\u554f\u53ef\u4ee5\u627e\u9322\u55ce\uff1f<br />\r\nServer\uff1aNo problem, how is today&#39;s meal?<br />\r\n\u670d\uff1a\u6c92\u554f\u984c\uff0c\u8acb\u554f\u4eca\u5929\u7684\u9910\u9ede\u9084\u6eff\u610f\u55ce\uff1f<br />\r\nGuests\uff1aNot bad. Hope you could serve the food faster next time.<br />\r\n\u5ba2\uff1a\u90fd\u9084\u4e0d\u932f\uff0c\u5e0c\u671b\u4e0b\u6b21\u51fa\u9910\u80fd\u5feb\u4e00\u9ede\u3002<br />\r\nServer\uff1aThank you for your feedback. We will improve. See you next time!<br />\r\n\u670d\uff1a\u8b1d\u8b1d\u60a8\u7d66\u7684\u56de\u994b\uff0c\u6211\u5011\u6703\u6539\u9032\u7684\uff0c\u6b61\u8fce\u518d\u5ea6\u5149\u81e8\uff01<br />\r\nGuests\uff1aThank you!<br />\r\n\u5ba2\uff1a\u8b1d\u8b1d\uff01</p>\r\n\r\n<h2>\u3010\u91cd\u9ede\u53e5\u578b\u3011\u9ede\u9910\u82f1\u6587\u60c5\u58835\uff0d\u7d50\u5e33</h2>\r\n\r\n<p>\u4e2d\uff1a\u8acb\u554f\u53ef\u4ee5\u627e\u9322\u55ce\uff1f&nbsp;<br />\r\n\u82f1\uff1aCan you give me my change?&nbsp;<br />\r\n<br />\r\n\uff0a\u300c\u627e\u9322\u300d\u9084\u6709\u5176\u4ed6\u8aaa\u6cd5\uff0c\u4f86\u770b\u770b\u4f8b\u53e5\uff1a<br />\r\n<br />\r\n\u4f8b\u53e51\uff1a\u6211\u8981\u627e\u96f6\u9322\u3002<br />\r\n&rarr; I need to get my change.<br />\r\n<br />\r\n\u4f8b\u53e52\uff1a\u8acb\u627e\u96f6\u9322\u7d66\u6211\u3002<br />\r\n&rarr; Please return the change.</p>\r\n\r\n<h2>\u3010\u88dc\u5145\u53e5\u578b\u3011\u9ede\u9910\u82f1\u6587\u60c5\u58835\uff0d\u7d50\u5e33</h2>\r\n\r\n<p>\u7d50\u5e33\u7684\u6642\u5019\uff0c\u9084\u6709\u54ea\u4e9b\u5e38\u6703\u7528\u5230\u7684\u5c0d\u8a71\u5462\uff1f&nbsp;<br />\r\n<br />\r\n\u4f8b\u53e51\uff1a\u8acb\u554f\u6709\u542b\u670d\u52d9\u8cbb\u55ce\uff1f<br />\r\n&rarr; Is service fee included?<br />\r\n<br />\r\n\u4f8b\u53e52\uff1a\u8acb\u554f\u53ef\u4ee5\u5237\u5361\u55ce\uff1f<br />\r\n&rarr; Do you take credit card?\uff0fCan I pay by card?<br />\r\n<br />\r\n\u4f8b\u53e53\uff1a\u53ef\u4ee5\u8b93\u6211\u5011\u5206\u958b\u4ed8\u55ce\uff1f<br />\r\n&rarr; Can we do separately?</p>\r\n\r\n<p>\u4ee5\u4e0a5\u5927\u9ede\u9910\u60c5\u5883\u82f1\u6587\u6703\u8a71\u5b78\u8d77\u4f86\u4e86\u55ce\uff1f\u5e0c\u671b\u5927\u5bb6\u5728\u570b\u5916\u90fd\u80fd\u66f4\u8f15\u9b06\u3001\u9806\u66a2\u5730\u7528\u82f1\u6587\u4eab\u53d7\u7f8e\u98df\u5594\uff01</p>", "level": 3, "owner": 1, "start_date": "2018-12-06", "due_date": "2018-12-06", "status": 2, "process_rate": 0, "belong_to": 17, "file_list": "", "project": 2, "estimate_time": 0, "create_at": "2018-12-06T09:19:53.921Z", "create_by": 1, "update_at": "2018-12-10T09:32:15.072Z", "update_by": 1}}, {"model": "requests.request", "pk": 30, "fields": {"request_no": "PMS20181206R006", "title": "\u8cb7\u978b\u82f1\u6587\u5c0d\u8a71", "desc": "", "level": 3, "owner": 1, "start_date": "2018-12-06", "due_date": "2018-12-06", "status": 1, "process_rate": 0, "belong_to": 18, "file_list": "", "project": 2, "estimate_time": 0, "create_at": "2018-12-06T09:23:06.640Z", "create_by": 1, "update_at": "2018-12-06T09:24:58.113Z", "update_by": 1}}, {"model": "requests.request", "pk": 32, "fields": {"request_no": "PMS20181207R002", "title": "Taylor Swift - Blank Space", "desc": "<p><iframe frameborder=\"0\" height=\"360\" src=\"https://www.youtube.com/embed/e-ORhEE9VVg\" width=\"640\"></iframe></p>\r\n\r\n<p>&nbsp;</p>\r\n\r\n<pre>\r\n<code class=\"language-python\">CKEDITOR_CONFIGS = {\r\n    'default': {\r\n        'toolbar': 'Custom',\r\n        'toolbar_Custom': [\r\n            {'name': 'document', 'items': ['Source', '-', 'Save', 'NewPage', 'Preview', 'Print', '-', 'Templates']},\r\n            {'name': 'clipboard', 'items': ['Cut', 'Copy', 'Paste', 'PasteText', 'PasteFromWord', '-', 'Undo', 'Redo']},\r\n            {'name': 'editing', 'items': ['Find', 'Replace', '-', 'SelectAll']},\r\n            {'name': 'forms',\r\n             'items': ['Form', 'Checkbox', 'Radio', 'TextField', 'Textarea', 'Select', 'Button', 'ImageButton',\r\n                       'HiddenField']},\r\n            '/',\r\n            {'name': 'basicstyles',\r\n             'items': ['Bold', 'Italic', 'Underline', 'Strike', 'Subscript', 'Superscript', '-', 'RemoveFormat']},\r\n            {'name': 'paragraph',\r\n             'items': ['NumberedList', 'BulletedList', '-', 'Outdent', 'Indent', '-', 'Blockquote', 'CreateDiv', '-',\r\n                       'JustifyLeft', 'JustifyCenter', 'JustifyRight', 'JustifyBlock', '-', 'BidiLtr', 'BidiRtl',\r\n                       'Language']},\r\n            {'name': 'links', 'items': ['Link', 'Unlink', 'Anchor']},\r\n            {'name': 'insert',\r\n             'items': ['Image', 'Flash', 'Table', 'HorizontalRule', 'Smiley', 'SpecialChar', 'PageBreak', 'Iframe']},\r\n            '/',\r\n            {'name': 'styles', 'items': ['Styles', 'Format', 'Font', 'FontSize']},\r\n            {'name': 'colors', 'items': ['TextColor', 'BGColor']},\r\n            {'name': 'tools', 'items': ['Maximize', 'ShowBlocks']},\r\n            {'name': 'about', 'items': ['About']},\r\n            '/',  # put this to force next toolbar on new line\r\n            {'name': 'yourcustomtools', 'items': [\r\n                'CodeSnippet',\r\n                'Youtube',\r\n\r\n            ]},\r\n        ],\r\n        'width': '100%',\r\n        'height': 300,\r\n        'toolbarCanCollapse': False,\r\n        'removePlugins': 'stylesheetparser',\r\n        'extraPlugins': ','.join(['codesnippet', 'youtube']),\r\n    }\r\n}</code></pre>\r\n\r\n<p>&nbsp;</p>", "level": 2, "owner": 1, "start_date": "2018-12-07", "due_date": "2018-12-07", "status": 1, "process_rate": 0, "belong_to": null, "file_list": "", "project": 2, "estimate_time": 0, "create_at": "2018-12-07T03:08:34.157Z", "create_by": 1, "update_at": "2018-12-07T03:25:47.307Z", "update_by": 1}}, {"model": "requests.request", "pk": 33, "fields": {"request_no": "PMS20181207R003", "title": "test", "desc": "<p>test</p>", "level": 1, "owner": 1, "start_date": "2018-12-07", "due_date": "2018-12-07", "status": 1, "process_rate": 0, "belong_to": 16, "file_list": "", "project": 2, "estimate_time": 0, "create_at": "2018-12-07T05:59:48.525Z", "create_by": 1, "update_at": "2018-12-07T05:59:48.526Z", "update_by": 1}}, {"model": "requests.request", "pk": 34, "fields": {"request_no": "PMS20181210R001", "title": "\u559d\u9189\u7684\u4e0d\u540c\u8aaa\u6cd5", "desc": "<h4><strong>\u559d\u9189\u7684\u4e0d\u540c\u8aaa\u6cd5</strong></h4>\r\n\r\n<ul>\r\n\t<li>tipsy \u5fae\u91ba<br />\r\n\tSarah got&nbsp;<strong>tipsy</strong>&nbsp;after she had two pints of beer.<br />\r\n\t\u838e\u62c9\u559d\u4e0b\u5169\u676f\u5564\u9152\u5f8c\u5c31\u5fae\u91ba\u4e86\u3002</li>\r\n\t<li>drunk \u559d\u9189\u4e86<br />\r\n\tHe claims that he never gets&nbsp;<strong>drunk</strong>; but his stumbling betrays him.<br />\r\n\t\u4ed6\u7e3d\u8aaa\u4ed6\u5f9e\u4f86\u4e0d\u6703\u559d\u9189\uff1b\u4f46\u4ed6\u8e09\u8e4c\u7684\u6b65\u4f10\u51fa\u8ce3\u4e86\u4ed6\u3002</li>\r\n\t<li>wasted/ hammered/ wrecked/ smashed \u721b\u9189<br />\r\n\tCall a taxi for him. He&rsquo;s&nbsp;<strong>smashed</strong>.<br />\r\n\t\u5e6b\u4ed6\u53eb\u4e00\u8f1b\u7684\u58eb\u5427\u3002\u4ed6\u559d\u5230\u721b\u9189\u4e86\u3002<br />\r\n\tCan you send me home if I get&nbsp;<strong>wasted</strong>&nbsp;later?<br />\r\n\t\u5982\u679c\u6211\u7b49\u4e0b\u559d\u5230\u721b\u9189\u5982\u6ce5\uff0c\u4f60\u53ef\u4ee5\u9001\u6211\u56de\u5bb6\u55ce\uff1f</li>\r\n\t<li>intoxicated \u9152\u9189<br />\r\n\tThe policeman: &ldquo;I have to give him a ticket. He&rsquo;s apparently&nbsp;<strong>intoxicated</strong>.&rdquo;<br />\r\n\t\u8b66\u5bdf\uff1a\u300c\u6211\u8981\u958b\u4ed6\u4e00\u5f35\u544a\u7968\u3002\u4ed6\u5f88\u660e\u986f\u559d\u591a\u4e86\u3002\u300d<br />\r\n\tintoxicated \u9019\u500b\u5b57\u7279\u5225\u5f37\u8abf\u300c\u9189\u5230\u7121\u6cd5\u597d\u597d\u8a00\u8a9e\u3001\u6b63\u5e38\u884c\u52d5\u300d\uff0c\u8f03\u5e38\u7528\u5728\u8b66\u5bdf\u6aa2\u63a7\u6642\uff0c\u7b97\u662f\u6bd4\u8f03\u56b4\u8085\u7684\u8aaa\u6cd5\u3002</li>\r\n\t<li>to have a hangover \u5bbf\u9189<br />\r\n\tI regret staying at the pub all night because I&rsquo;m&nbsp;<strong>having a bad hangover</strong>&nbsp;now.<br />\r\n\t\u6211\u5f8c\u6094\u4e00\u6574\u665a\u5f85\u5728\u9152\u5427\uff0c\u6211\u73fe\u5728\u5bbf\u9189\u5f97\u8981\u547d\u3002<br />\r\n\t\u8a18\u5f97 hangover \u524d\u9762\u8981\u52a0\u51a0\u8a5e a \u53e5\u5b50\u624d\u5b8c\u6574\u3002</li>\r\n</ul>", "level": 3, "owner": 1, "start_date": "2018-12-10", "due_date": "2018-12-10", "status": 1, "process_rate": 0, "belong_to": 19, "file_list": "", "project": 2, "estimate_time": 0, "create_at": "2018-12-10T00:53:05.634Z", "create_by": 1, "update_at": "2018-12-10T00:53:12.577Z", "update_by": 1}}, {"model": "requests.request", "pk": 35, "fields": {"request_no": "PMS20181210R002", "title": "\u5a1b\u6a02\u7bc7", "desc": "", "level": 3, "owner": 1, "start_date": "2018-12-10", "due_date": "2018-12-10", "status": 1, "process_rate": 0, "belong_to": null, "file_list": "", "project": 2, "estimate_time": 0, "create_at": "2018-12-10T00:57:35.198Z", "create_by": 1, "update_at": "2018-12-10T00:57:35.199Z", "update_by": 1}}, {"model": "requests.request", "pk": 36, "fields": {"request_no": "PMS20181210R003", "title": "\u99ac\u6bba\u96de\u7684\u82f1\u6587", "desc": "<h2><strong>\u3010\u6309\u6469\u82f1\u8a9e\u5c0d\u8a71\u3011&nbsp;</strong></h2>\r\n\r\n<p>What services do you offer? \u4f60\u5011\u63d0\u4f9b\u600e\u6a23\u7684\u670d\u52d9\uff1f</p>\r\n\r\n<h3><strong>\u6309\u6469\u7684\u90e8\u4f4d\u6709\u54ea\u4e9b\uff1f</strong></h3>\r\n\r\n<ul>\r\n\t<li>Foot Massage \u8173\u90e8\u6309\u6469</li>\r\n\t<li>Head Massage \u982d\u90e8\u6309\u6469</li>\r\n\t<li>Back Massage \u80cc\u90e8\u6309\u6469</li>\r\n\t<li>Body Massage \u8eab\u9ad4\u6309\u6469</li>\r\n</ul>\r\n\r\n<p><a href=\"https://tripliz.com/about/\" rel=\"noopener\" target=\"_blank\">Liz\u6817\u5b50</a>\u5728<a href=\"https://goo.gl/amnUwR\" rel=\"noopener\" target=\"_blank\">\u83f2\u5f8b\u8cd3\u5bbf\u9727\u904a\u5b78</a>\uff0c\u5b78\u6821\u540c\u5b78\u7d93\u5e38\u63ea\u53bb\u6309\u6469\u5e97\uff0c\u56e0\u70ba\u5bbf\u9727\u7684\u6309\u6469\u5be6\u5728\u662f\u592a\u4fbf\u5b9c\u4e86\uff0c\u4ee5\u4e0b\u9762\u9019\u9593\u5e97\u70ba\u4f8b\uff0c\u7cbe\u6cb9\u6309\u6469\u662fP250 / 1\u5c0f\u6642&nbsp; (\u5927\u7d04\u53f0\u5e63175\u5143) \uff0c\u662f\u4e0d\u662f\u8d85\u7d1a\u8d85\u7d1a\u8d85\u7d1a\u4fbf\u5b9c\u7684\uff01\uff01\uff01</p>\r\n\r\n<p><img alt=\"\u99ac\u6bba\u96de\u82f1\u6587\u600e\u9ebc\u8aaa, \u6309\u6469\u82f1\u6587 , \u6309\u6469\u8f15\u91cd\u82f1\u6587\" data-attachment-id=\"9984\" data-comments-opened=\"1\" data-image-description=\"\" data-image-meta=\"{&quot;aperture&quot;:&quot;0&quot;,&quot;credit&quot;:&quot;&quot;,&quot;camera&quot;:&quot;&quot;,&quot;caption&quot;:&quot;&quot;,&quot;created_timestamp&quot;:&quot;0&quot;,&quot;copyright&quot;:&quot;&quot;,&quot;focal_length&quot;:&quot;0&quot;,&quot;iso&quot;:&quot;0&quot;,&quot;shutter_speed&quot;:&quot;0&quot;,&quot;title&quot;:&quot;&quot;,&quot;orientation&quot;:&quot;0&quot;}\" data-image-title=\"How to say Massage English\" data-large-file=\"https://tripliz.files.wordpress.com/2018/01/massage-english.jpg?w=809?w=700\" data-medium-file=\"https://tripliz.files.wordpress.com/2018/01/massage-english.jpg?w=809?w=300\" data-orig-file=\"https://tripliz.files.wordpress.com/2018/01/massage-english.jpg?w=809\" data-orig-size=\"700,487\" data-permalink=\"https://tripliz.com/2018/01/10/massage-english/massage-english/\" sizes=\"(max-width: 700px) 100vw, 700px\" src=\"https://tripliz.files.wordpress.com/2018/01/massage-english.jpg?w=809\" srcset=\"https://tripliz.files.wordpress.com/2018/01/massage-english.jpg 700w, https://tripliz.files.wordpress.com/2018/01/massage-english.jpg?w=150 150w, https://tripliz.files.wordpress.com/2018/01/massage-english.jpg?w=300 300w\" /></p>\r\n\r\n<h3><strong>\u6309\u6469\u7a2e\u985e\u6709\u54ea\u4e9b\uff1f</strong></h3>\r\n\r\n<ul>\r\n\t<li>Dry Massage \u4e7e\u5f0f\u6309\u6469</li>\r\n\t<li>Oil Massage \u7cbe\u6cb9\u6309\u6469</li>\r\n\t<li>Hot Stone Massage&nbsp;\u71b1\u77f3\u6309\u6469</li>\r\n</ul>\r\n\r\n<h2><strong>\u6309\u6469\u5e97 \u5e38\u7528\u57fa\u672c\u5c0d\u8a71\u53e5\u5b50</strong></h2>\r\n\r\n<ul>\r\n\t<li><strong>\u4f60\u5011\u6709\u63d0\u4f9b\u7cbe\u6cb9\u6309\u6469\u55ce\uff1f</strong><br />\r\n\tDo you offer oil massage?</li>\r\n\t<li><strong>\u6211\u9700\u8981\u4e7e\u5f0f\u6309\u6469</strong><br />\r\n\tI need a dry massage.</li>\r\n\t<li><strong>\u4f60\u5011\u6709\u4ec0\u9ebc\u670d\u52d9\u5305\u5957\u5462?</strong><br />\r\n\tWhat packages do you have?</li>\r\n\t<li><strong>\u73fe\u5728\u6309\u6469\u5e2b\u6709\u7a7a\u55ce\uff1f</strong><br />\r\n\tDo you have any therapist available right now?</li>\r\n\t<li><strong>\u6211\u8981\u9810\u7d04\u5169\u4f4d\u5168\u8eab\u6309\u6469</strong><br />\r\n\tI would like to book a body massage for two people.</li>\r\n\t<li><strong>\u6211\u8981\u9810\u7d04\u4eca\u5929\u4e0b\u53483\u9edemassage</strong><br />\r\n\tCan&nbsp;I make a reservation for a massage this afternoon, at 3 o&rsquo;clock.</li>\r\n\t<li><strong>\u6211\u60f3\u8981\u4e00\u4f4d\u7537\u6027 / \u5973\u6027\u6309\u6469\u5e2b</strong><br />\r\n\tI would like a male(\u7537) / female(\u5973) therapist.</li>\r\n\t<li><strong>\u6211\u8981\u505a1\u5c0f\u6642\u7684\u8173\u90e8\u6309\u6469</strong><br />\r\n\tI will do one hour&nbsp;foot massage.</li>\r\n\t<li><strong>\u5168\u8eab\u6309\u6469\u9700\u8981\u591a\u5834\u6642\u9593?</strong><br />\r\n\tHow long is a full body massage ?</li>\r\n\t<li><strong>\u6211\u9700\u8981\u7b49\u55ce\uff1f</strong><br />\r\n\tDo I have to wait?</li>\r\n\t<li><strong>\u8173\u90e8\u6309\u6469\u8981\u591a\u5c11\u9322</strong><br />\r\n\tHow much is a foot massage.</li>\r\n\t<li><strong>\u6211\u9700\u8981\u73fe\u5728\u4ed8\u9322\u55ce\uff1f</strong><br />\r\n\tDo I have to&nbsp;pay now?</li>\r\n\t<li><strong>\u8acb\u5f80\u9019\u88e1\u8d70</strong><br />\r\n\tPlease transfer to this area.</li>\r\n\t<li><strong>\u4f60\u7684\u670d\u52d9\u54e1\u5f88\u5feb\u5c31\u5230\u4e86</strong><br />\r\n\tYour attendant will be there soon.</li>\r\n</ul>\r\n\r\n<h2><strong>\u6309\u6469\u529b\u9053 ( Pressure ) \u8f15\u91cd\u7684\u82f1\u6587\u600e\u9ebc\u8aaa&nbsp;</strong></h2>\r\n\r\n<p>\u6309\u6469\u6e96\u5099\u958b\u59cb\u6642\uff0c\u670d\u52d9\u4eba\u54e1\u6703\u554f\u4f60\u60f3\u8981\u7684\u529b\u9053\uff0c\u9019\u6642\u5019\u4f60\u53ef\u4ee5\u9019\u9ebc\u8aaa&hellip;</p>\r\n\r\n<ul>\r\n\t<li>\u4e2d\u7b49\u6309\u6469\u529b\u9053\uff1aMedium please.</li>\r\n\t<li>\u6309\u6469\u6642\u60f3\u8981\u8f15\u4e00\u9ede\uff1a Softer please.</li>\r\n\t<li>\u6309\u6469\u5927\u529b\u4e00\u9ede\u82f1\u6587\uff1a Harder please.</li>\r\n</ul>\r\n\r\n<blockquote>\r\n<p>Therapist (\u5c08\u696d\u6309\u6469\u5e2b)\uff1a<br />\r\nHow is the pressure\uff1f \u9019\u6a23\u7684\u529b\u9053\u5982\u4f55\uff1f</p>\r\n\r\n<p>Guest (\u5ba2\u4eba)\uff1a<br />\r\nA bit softer please&hellip; \u53ef\u4ee5\u518d\u8f15\u4e00\u9ede\u3002</p>\r\n</blockquote>\r\n\r\n<p>Finish \u7d50\u675f \uff08\u6309\u6469\u5e2b\u6642\u9593\u5230\uff0c\u7d50\u675f\u6642\u6703\u8aaa Finish\uff09</p>\r\n\r\n<p>Tip \u5c0f\u8cbb\uff08\u986f\u773c\u8655\u6703\u770b\u5230Tip\uff0c\u5c31\u662f\u7d66\u5c0f\u8cbb\u7684\u610f\u601d\uff09</p>\r\n\r\n<p>\u670d\u52d9\u7d50\u675f\u5f8c\uff0c\u670d\u52d9\u54e1\u6703\u554f\u4f60\u8981\u4e0d\u8981 Water (\u6c34) / Hot tea (\u71b1\u8336) /&nbsp;Ginger tea (\u8591\u8336)</p>", "level": 3, "owner": 1, "start_date": "2018-12-10", "due_date": "2018-12-10", "status": 1, "process_rate": 0, "belong_to": 35, "file_list": "", "project": 2, "estimate_time": 0, "create_at": "2018-12-10T00:59:55.615Z", "create_by": 1, "update_at": "2018-12-10T00:59:55.615Z", "update_by": 1}}, {"model": "requests.request", "pk": 37, "fields": {"request_no": "PPP20181210R001", "title": "\u524d\u7f6e\u4f5c\u696d", "desc": "", "level": 3, "owner": 4, "start_date": "2018-12-10", "due_date": "2018-12-10", "status": 1, "process_rate": 0, "belong_to": null, "file_list": "", "project": 5, "estimate_time": 0, "create_at": "2018-12-10T07:50:59.141Z", "create_by": 1, "update_at": "2018-12-10T07:51:58.620Z", "update_by": 1}}, {"model": "requests.request", "pk": 38, "fields": {"request_no": "PPP20181210R002", "title": "\u9700\u6c42\u8a2a\u8ac7(\u5167\u90e8\u8a0e\u8ad6)", "desc": "", "level": 3, "owner": 4, "start_date": "2018-12-10", "due_date": "2018-12-10", "status": 5, "process_rate": 100, "belong_to": 37, "file_list": "", "project": 5, "estimate_time": 0, "create_at": "2018-12-10T07:52:20.168Z", "create_by": 1, "update_at": "2018-12-10T09:31:53.485Z", "update_by": 1}}, {"model": "requests.request", "pk": 39, "fields": {"request_no": "PPP20181210R003", "title": "\u898f\u683c\u66f8\u64b0\u5beb", "desc": "", "level": 3, "owner": 4, "start_date": "2018-12-10", "due_date": "2018-12-10", "status": 1, "process_rate": 0, "belong_to": 37, "file_list": "", "project": 5, "estimate_time": 0, "create_at": "2018-12-10T07:52:52.984Z", "create_by": 1, "update_at": "2018-12-10T07:52:52.984Z", "update_by": 1}}, {"model": "requests.request", "pk": 40, "fields": {"request_no": "PPP20181210R004", "title": "\u7a0b\u5f0f\u547d\u540d\u898f\u7bc4(\u5167\u90e8\u8a0e\u8ad6)", "desc": "", "level": 3, "owner": 4, "start_date": "2018-12-10", "due_date": "2018-12-10", "status": 1, "process_rate": 0, "belong_to": 37, "file_list": "", "project": 5, "estimate_time": 0, "create_at": "2018-12-10T07:53:29.623Z", "create_by": 1, "update_at": "2018-12-10T07:53:29.623Z", "update_by": 1}}, {"model": "requests.request", "pk": 41, "fields": {"request_no": "PPP20181210R005", "title": "\u958b\u767c\u74b0\u5883\u5efa\u7acb", "desc": "", "level": 3, "owner": 4, "start_date": "2018-12-10", "due_date": "2018-12-10", "status": 4, "process_rate": 0, "belong_to": null, "file_list": "", "project": 5, "estimate_time": 0, "create_at": "2018-12-10T07:54:11.073Z", "create_by": 1, "update_at": "2018-12-10T09:33:05.142Z", "update_by": 1}}, {"model": "requests.request", "pk": 42, "fields": {"request_no": "PPP20181210R006", "title": "GitHub\u5efa\u7acb", "desc": "", "level": 3, "owner": 4, "start_date": "2018-12-10", "due_date": "2018-12-10", "status": 4, "process_rate": 100, "belong_to": 41, "file_list": "", "project": 5, "estimate_time": 0, "create_at": "2018-12-10T07:54:43.400Z", "create_by": 1, "update_at": "2018-12-10T08:03:35.588Z", "update_by": 1}}, {"model": "requests.request", "pk": 43, "fields": {"request_no": "PPP20181210R007", "title": "\u958b\u767c\u5305\u5efa\u7acb", "desc": "", "level": 3, "owner": 4, "start_date": "2018-12-10", "due_date": "2018-12-10", "status": 4, "process_rate": 100, "belong_to": 41, "file_list": "", "project": 5, "estimate_time": 0, "create_at": "2018-12-10T07:56:03.050Z", "create_by": 1, "update_at": "2018-12-10T08:04:16.009Z", "update_by": 1}}, {"model": "requests.request", "pk": 44, "fields": {"request_no": "PPP20181210R008", "title": "\u521d\u7248Module\u5efa\u7acb", "desc": "", "level": 1, "owner": 1, "start_date": "2018-12-10", "due_date": "2018-12-10", "status": 4, "process_rate": 100, "belong_to": 41, "file_list": "", "project": 5, "estimate_time": 0, "create_at": "2018-12-10T07:59:26.941Z", "create_by": 1, "update_at": "2018-12-10T09:34:17.951Z", "update_by": 1}}, {"model": "requests.request", "pk": 45, "fields": {"request_no": "PPP20181210R009", "title": "\u6e2c\u8a66\u74b0\u5883\u8cc7\u6599\u5eab\u5efa\u7acb", "desc": "", "level": 2, "owner": 4, "start_date": "2018-12-10", "due_date": "2018-12-10", "status": 4, "process_rate": 100, "belong_to": 41, "file_list": "", "project": 5, "estimate_time": 0, "create_at": "2018-12-10T08:00:27.305Z", "create_by": 1, "update_at": "2018-12-10T09:41:02.826Z", "update_by": 1}}, {"model": "requests.request", "pk": 46, "fields": {"request_no": "PPP20181210R010", "title": "\u7a0b\u5f0f\u958b\u767c", "desc": "", "level": 3, "owner": 1, "start_date": "2018-12-10", "due_date": "2018-12-10", "status": 1, "process_rate": 0, "belong_to": null, "file_list": "", "project": 5, "estimate_time": 0, "create_at": "2018-12-10T08:01:15.482Z", "create_by": 1, "update_at": "2018-12-10T08:01:15.482Z", "update_by": 1}}, {"model": "requests.request", "pk": 47, "fields": {"request_no": "PPP20181210R011", "title": "\u6bcd\u7248\u958b\u767c", "desc": "", "level": 1, "owner": 1, "start_date": "2018-12-10", "due_date": "2018-12-10", "status": 4, "process_rate": 100, "belong_to": 46, "file_list": "", "project": 5, "estimate_time": 0, "create_at": "2018-12-10T08:02:13.524Z", "create_by": 1, "update_at": "2018-12-13T00:48:38.218Z", "update_by": 1}}, {"model": "requests.request", "pk": 48, "fields": {"request_no": "PPP20181210R012", "title": "AUTH_USER_MODEL\u898f\u5283", "desc": "", "level": 2, "owner": 1, "start_date": "2018-12-10", "due_date": "2018-12-10", "status": 1, "process_rate": 0, "belong_to": 46, "file_list": "", "project": 5, "estimate_time": 0, "create_at": "2018-12-10T08:02:43.075Z", "create_by": 1, "update_at": "2018-12-10T08:02:43.075Z", "update_by": 1}}, {"model": "requests.request", "pk": 49, "fields": {"request_no": "PPP20181210R013", "title": "\u767b\u5165\u9801\u9762", "desc": "", "level": 2, "owner": 1, "start_date": "2018-12-10", "due_date": "2018-12-10", "status": 1, "process_rate": 0, "belong_to": 46, "file_list": "", "project": 5, "estimate_time": 0, "create_at": "2018-12-10T08:03:12.467Z", "create_by": 1, "update_at": "2018-12-10T08:03:12.468Z", "update_by": 1}}, {"model": "requests.request", "pk": 50, "fields": {"request_no": "PPP20181210R014", "title": "TEST", "desc": "<p>TEST</p>", "level": 1, "owner": 1, "start_date": "2018-12-10", "due_date": "2018-12-10", "status": 2, "process_rate": 0, "belong_to": 38, "file_list": "", "project": 5, "estimate_time": 0, "create_at": "2018-12-10T09:44:07.144Z", "create_by": 1, "update_at": "2018-12-12T07:33:36.634Z", "update_by": 1}}, {"model": "requests.request", "pk": 51, "fields": {"request_no": "PPP20181210R015", "title": "\u5c08\u6848\u7ba1\u7406\u9801\u9762/\u65b0\u589e/\u4fee\u6539\u5f8c\u7aef", "desc": "", "level": 3, "owner": 1, "start_date": "2018-12-10", "due_date": "2018-12-10", "status": 1, "process_rate": 0, "belong_to": 46, "file_list": "", "project": 5, "estimate_time": 0, "create_at": "2018-12-10T09:46:06.675Z", "create_by": 1, "update_at": "2018-12-10T09:46:06.675Z", "update_by": 1}}, {"model": "requests.level", "pk": 1, "fields": {"level_en": "High", "level_cn": "\u9ad8", "level_desc": "\u9ad8", "create_at": "2018-11-22T01:30:02Z", "create_by": 1, "update_at": "2018-11-22T01:30:03Z", "update_by": 1}}, {"model": "requests.level", "pk": 2, "fields": {"level_en": "Medium", "level_cn": "\u4e2d", "level_desc": "\u4e2d", "create_at": "2018-11-22T01:30:13Z", "create_by": 1, "update_at": "2018-11-22T01:30:13Z", "update_by": 1}}, {"model": "requests.level", "pk": 3, "fields": {"level_en": "Low", "level_cn": "\u4f4e", "level_desc": "\u4f4e", "create_at": "2018-11-22T01:30:23Z", "create_by": 1, "update_at": "2018-11-22T01:30:23Z", "update_by": 1}}, {"model": "problems.problem", "pk": 33, "fields": {"problem_no": "PMS20181206P001", "belong_to_type": 4, "belong_to": "", "title": "New Times", "project": 2, "desc": "TEST", "create_at": "2018-12-06T01:57:13.901Z", "create_by": 1, "update_at": "2018-12-06T01:57:13.901Z", "update_by": 1}}, {"model": "problems.problem", "pk": 34, "fields": {"problem_no": "PMS20181206P002", "belong_to_type": 2, "belong_to": "PMS20181205R001", "title": "\u5b50\u4e00", "project": 2, "desc": "TEST", "create_at": "2018-12-06T02:21:02.597Z", "create_by": 1, "update_at": "2018-12-06T02:21:02.598Z", "update_by": 1}}, {"model": "problems.problem", "pk": 35, "fields": {"problem_no": "PMS20181206P003", "belong_to_type": 4, "belong_to": "", "title": "New Times", "project": 2, "desc": "TTT", "create_at": "2018-12-06T02:39:56.148Z", "create_by": 1, "update_at": "2018-12-06T02:39:56.148Z", "update_by": 1}}, {"model": "problems.problem", "pk": 36, "fields": {"problem_no": "PMS20181206P004", "belong_to_type": 4, "belong_to": "PMS20181203B002", "title": "New Times2", "project": 2, "desc": "TEST", "create_at": "2018-12-06T02:43:18.268Z", "create_by": 1, "update_at": "2018-12-06T02:43:18.268Z", "update_by": 1}}, {"model": "problems.problem_reply", "pk": 5, "fields": {"problem_no": 33, "comment": "TEST", "create_at": "2018-12-06T05:50:36.708Z", "create_by": 1, "update_at": "2018-12-06T05:50:36.708Z", "update_by": 1}}, {"model": "bases.status", "pk": 1, "fields": {"status_en": "Wait", "status_cn": "\u7b49\u5f85\u4e2d", "status_desc": "\u7b49\u5f85\u4e2d", "process_rate": 0, "create_at": "2018-11-22T01:28:45Z", "create_by": 1, "update_at": "2018-11-22T01:28:46Z", "update_by": 1}}, {"model": "bases.status", "pk": 2, "fields": {"status_en": "On-Going", "status_cn": "\u9032\u884c\u4e2d", "status_desc": "\u9032\u884c\u4e2d", "process_rate": 0, "create_at": "2018-11-22T01:29:02Z", "create_by": 1, "update_at": "2018-11-22T01:29:02Z", "update_by": 1}}, {"model": "bases.status", "pk": 3, "fields": {"status_en": "Cancel", "status_cn": "\u53d6\u6d88", "status_desc": "\u53d6\u6d88", "process_rate": 0, "create_at": "2018-11-22T01:29:15Z", "create_by": 1, "update_at": "2018-11-22T01:29:15Z", "update_by": 1}}, {"model": "bases.status", "pk": 4, "fields": {"status_en": "Finished", "status_cn": "\u5b8c\u6210", "status_desc": "\u5b8c\u6210", "process_rate": 100, "create_at": "2018-11-22T01:29:28Z", "create_by": 1, "update_at": "2018-11-22T01:29:29Z", "update_by": 1}}, {"model": "bases.status", "pk": 5, "fields": {"status_en": "Pendding", "status_cn": "\u5ef6\u5f8c", "status_desc": "\u5ef6\u5f8c", "process_rate": 0, "create_at": "2018-11-22T01:29:44Z", "create_by": 1, "update_at": "2018-11-22T01:29:44Z", "update_by": 1}}, {"model": "admin.logentry", "pk": 1, "fields": {"action_time": "2018-11-22T01:28:59.629Z", "user": 1, "content_type": 14, "object_id": "1", "object_repr": "Wait", "action_flag": 1, "change_message": "[{\"added\": {}}]"}}, {"model": "admin.logentry", "pk": 2, "fields": {"action_time": "2018-11-22T01:29:12.730Z", "user": 1, "content_type": 14, "object_id": "2", "object_repr": "On-Going", "action_flag": 1, "change_message": "[{\"added\": {}}]"}}, {"model": "admin.logentry", "pk": 3, "fields": {"action_time": "2018-11-22T01:29:26.792Z", "user": 1, "content_type": 14, "object_id": "3", "object_repr": "Cancel", "action_flag": 1, "change_message": "[{\"added\": {}}]"}}, {"model": "admin.logentry", "pk": 4, "fields": {"action_time": "2018-11-22T01:29:42.396Z", "user": 1, "content_type": 14, "object_id": "4", "object_repr": "Finished", "action_flag": 1, "change_message": "[{\"added\": {}}]"}}, {"model": "admin.logentry", "pk": 5, "fields": {"action_time": "2018-11-22T01:29:56.933Z", "user": 1, "content_type": 14, "object_id": "5", "object_repr": "Pendding", "action_flag": 1, "change_message": "[{\"added\": {}}]"}}, {"model": "admin.logentry", "pk": 6, "fields": {"action_time": "2018-11-22T01:30:11.486Z", "user": 1, "content_type": 4, "object_id": "1", "object_repr": "High", "action_flag": 1, "change_message": "[{\"added\": {}}]"}}, {"model": "admin.logentry", "pk": 7, "fields": {"action_time": "2018-11-22T01:30:21.702Z", "user": 1, "content_type": 4, "object_id": "2", "object_repr": "Medium", "action_flag": 1, "change_message": "[{\"added\": {}}]"}}, {"model": "admin.logentry", "pk": 8, "fields": {"action_time": "2018-11-22T01:30:32.869Z", "user": 1, "content_type": 4, "object_id": "3", "object_repr": "Low", "action_flag": 1, "change_message": "[{\"added\": {}}]"}}, {"model": "admin.logentry", "pk": 9, "fields": {"action_time": "2018-11-22T02:08:15.802Z", "user": 1, "content_type": 13, "object_id": "1", "object_repr": "FormType object", "action_flag": 1, "change_message": "[{\"added\": {}}]"}}, {"model": "admin.logentry", "pk": 10, "fields": {"action_time": "2018-11-22T02:08:29.818Z", "user": 1, "content_type": 13, "object_id": "2", "object_repr": "FormType object", "action_flag": 1, "change_message": "[{\"added\": {}}]"}}, {"model": "admin.logentry", "pk": 11, "fields": {"action_time": "2018-11-22T02:08:43.801Z", "user": 1, "content_type": 13, "object_id": "3", "object_repr": "FormType object", "action_flag": 1, "change_message": "[{\"added\": {}}]"}}, {"model": "admin.logentry", "pk": 12, "fields": {"action_time": "2018-11-22T02:08:53.785Z", "user": 1, "content_type": 13, "object_id": "4", "object_repr": "FormType object", "action_flag": 1, "change_message": "[{\"added\": {}}]"}}, {"model": "admin.logentry", "pk": 13, "fields": {"action_time": "2018-12-06T03:09:43.014Z", "user": 1, "content_type": 1, "object_id": "2", "object_repr": "ray", "action_flag": 1, "change_message": "[{\"added\": {}}]"}}, {"model": "admin.logentry", "pk": 14, "fields": {"action_time": "2018-12-06T03:10:20.820Z", "user": 1, "content_type": 1, "object_id": "2", "object_repr": "ray", "action_flag": 3, "change_message": ""}}, {"model": "admin.logentry", "pk": 15, "fields": {"action_time": "2018-12-06T03:21:47.326Z", "user": 1, "content_type": 1, "object_id": "3", "object_repr": "kkk", "action_flag": 1, "change_message": "[{\"added\": {}}]"}}, {"model": "admin.logentry", "pk": 16, "fields": {"action_time": "2018-12-06T03:22:02.210Z", "user": 1, "content_type": 1, "object_id": "3", "object_repr": "kkk", "action_flag": 2, "change_message": "[{\"changed\": {\"fields\": [\"first_name\", \"last_name\", \"mobile_number\"]}}]"}}]